year,name,college,position,height_in,weight_lbs,40yards,benchpress,vert_leap_in,broad_jump_in,shuttle,3cone,wonaward,outland,drafted
1998,aaron taylor,Nebraska,OG,73,320,5.32,23,29,99,4.56,8.08,1,1,Y
1999,kris farris,UCLA,OT,79.9,313,5.07,20,24,95,4.76,8,1,1,Y
2006,greg eslinger,Minnesota,C,75.13,292,5.18,28,30,101,4.68,7.59,1,1,Y
2007,joe thomas,Wisconsin,OT,78.63,311,4.94,28,33,110,4.88,7.95,1,1,Y
2011,gabe carimi,Wisconsin,OT,79,314,5.18,29,31.5,109,,,1,1,Y
2013,luke joeckel,Texas A&M,OT,78,306,5.3,27,28.5,106,4.68,7.4,1,1,Y
2015,brandon scherff,Iowa,OT,76.63,319,5.05,23,,,,,1,1,Y
2016,joshua garnett,Stanford,OG,76.38,312,5.32,30,29,99,4.64,7.62,1,1,Y
2017,cam robinson,Alabama,OT,77.75,322,5.15,,26,106,4.82,7.81,1,1,Y
1997,dan neil,Texas,OG,74.4,291,,25,,,,,1,0,Y
1997,juan roque,Arizona State,OT,80,333,5.57,30,22.5,126,5.07,8.71,1,0,Y
1998,alan faneca,Louisiana State,OG,76.6,322,5.47,20,26,94,4.71,8.66,1,0,Y
1998,olin kreutz,Washington,C,74.1,300,5.32,30,28,100,4.55,8.1,1,0,Y
1998,benji olson,Washington,OG,76.1,324,5.27,21,27.5,95,4.78,8.52,1,0,Y
1998,kyle turley,San Diego State,OT,76.9,309,4.95,26,32,112,4.43,7.75,1,0,Y
1999,aaron gibson,Wisconsin,OT,78.1,386,5.35,31,24,111,4.54,7.99,1,0,Y
1999,craig page,Georgia Tech,C,75,295,5.13,38,32,117,4.51,7.43,1,0,N
1999,matt stinchcomb,Georgia,OT,78,306,5.12,20,29,104,4.54,7.79,1,0,Y
2000,cosey coleman,Tennessee,OG,76,322,5.4,,28,101,4.97,8.15,1,0,Y
2000,chris mcintosh,Wisconsin,OT,78.4,315,5.39,28,,,,,1,0,Y
2000,rob riti,Missouri,C,73.9,293,5.21,17,29.5,106,,,1,0,N
2001,chris brown,Georgia Tech,OT,77.1,329,5.33,30,36,,,,1,0,N
2001,leonard davis,Texas,OT,78,370,5.32,33,28,105,5.18,8.2,1,0,Y
2001,ben hamilton,Minnesota,C,77,303,5.29,17,33.5,106,4.62,7.62,1,0,Y
2001,steve hutchinson,Michigan,OG,77.1,315,5.14,31,33.5,106,4.74,7.82,1,0,Y
2001,dominic raiola,Nebraska,C,74,307,5.13,29,33,108,4.35,7.55,1,0,Y
2002,lecharles bentley,Ohio State,C,74.4,299,5.21,,25.5,100,4.54,7.85,1,0,Y
2002,andre gurode,Colorado,OG,76.4,316,5.37,,30.5,96,5.05,8.15,1,0,Y
2002,terrence metcalf,Mississippi,OT,75.5,318,5.31,28,,,,,1,0,Y
2002,fred weary,Tennessee,C,76.4,308,5.39,34,32,100,4.63,7.68,1,0,Y
2003,derrick dockery,Texas,OG,78,347,5.58,,25,92,,,1,0,Y
2003,jordan gross,Utah,OT,76.5,300,5.05,28,31.5,112,4.34,7.69,1,0,Y
2003,brett romberg,Miami (FL),C,74,295,5.2,27,27.5,99,4.65,8.16,1,0,N
2003,eric steinbach,Iowa,OG,78.3,297,4.96,,36,119,4.37,7.34,1,0,Y
2004,shawn andrews,Arkansas,OT,76.1,366,5.49,27,25,98,4.85,8.25,1,0,Y
2004,robert gallery,Iowa,OT,79.1,323,4.97,24,30,105,4.38,7.42,1,0,Y
2004,jake grove,Virginia Tech,C,75.4,303,5.17,31,,,,,1,0,Y
2004,jacob rogers,Southern California,OT,78.1,307,5.3,30,,,,,1,0,Y
2005,david baas,Michigan,OG,76.5,319,5.07,29,29.5,102,4.46,7.5,1,0,Y
2005,alex barron,Florida State,OT,79.5,320,5.27,,35.5,109,4.56,7.83,1,0,Y
2005,jammal brown,Oklahoma,OT,77.88,316,5.09,,31.5,109,4.67,7.93,1,0,Y
2006,taitusi lutui,Southern California,OG,75.63,334,5.46,26,28,97,4.76,8.04,1,0,N
2006,marcus mcneill,Auburn,OT,79.63,336,5.09,,31,98,5,8.19,1,0,Y
2006,jonathan scott,Texas,OT,78.38,315,5.34,,24.5,101,4.85,7.73,1,0,Y
2007,justin blalock,Texas,OG,75.25,320,5.1,40,28.5,101,4.72,7.75,1,0,Y
2007,dan mozes,West Virginia,C,74.63,293,5.4,28,25.5,101,4.84,7.98,1,0,N
2008,steve justice,Wake Forest,C,75.38,293,5.27,23,21,98,4.58,7.4,1,0,N
2008,jake long,Michigan,OT,79,313,5.26,37,27.5,102,4.73,7.44,1,0,Y
2009,antoine caldwell,Alabama,C,75.25,309,5.24,23,28,111,5.04,7.96,1,0,Y
2009,jonathan luigs,Arkansas,C,75.63,301,5.14,26,31,99,4.79,7.69,1,0,Y
2009,michael oher,Mississippi,OT,76.5,309,5.34,21,30.5,103,4.6,7.81,1,0,Y
2009,duke robinson,Oklahoma,OG,77,329,5.32,,,,,,1,0,Y
2009,aq shipley,Penn State,C,73.13,304,5.19,33,31,100,4.4,7.46,1,0,Y
2010,brandon carter,Texas Tech,OG,77.75,329,5.34,22,24.5,,4.94,7.82,1,0,N
2010,mike iupati,Idaho,OG,77.13,331,5.24,27,27.5,92,4.93,7.85,1,0,Y
2010,mike johnson,Alabama,OG,77.25,312,5.37,,25,,5.01,8.15,1,0,Y
2010,russell okung,Oklahoma State,OT,77.25,307,5.18,38,,,,,1,0,Y
2010,maurkice pouncey,Florida,C,76.5,304,5.25,,,95,4.92,7.74,1,0,Y
2010,trent williams,Oklahoma,OT,76.63,315,4.81,23,34.5,113,4.63,7.64,1,0,Y
2011,rodney hudson,Florida State,C,74.38,299,5.27,27,25.5,95,4.96,8.03,1,0,Y
2011,nate solder,Colorado,OT,80.25,319,4.96,21,32,110,4.34,7.44,1,0,Y
2011,lee ziemba,Auburn,OT,78,317,5.5,20,29,95,4.65,7.74,1,0,Y
2012,david decastro,Stanford,OG,76.88,316,5.32,34,29.5,98,4.56,7.3,1,0,Y
2012,david molk,Michigan,C,72.88,298,5.18,41,,,,,1,0,Y
2012,nate potter,Boise State,OT,77.88,303,5.26,22,28.5,100,4.67,7.49,1,0,Y
2013,jonathan cooper,North Carolina,OG,74.13,311,5.07,35,27,108,4.84,7.78,1,0,Y
2013,chance warmack,Alabama,OG,74,317,5.49,,,110,,,1,0,Y
2014,gabe ikard,Oklahoma,C,75.63,304,5.13,22,26,102,4.37,7.3,1,0,N
2015,reese dismukes,Auburn,C,74.75,296,5.31,23,27.5,107,4.7,8.14,1,0,N
2015,laken tomlinson,Duke,OG,75,323,5.33,25,31.5,103,4.87,8.17,1,0,Y
2016,taylor decker,Ohio State,OT,79,310,5.23,20,29,101,4.76,7.7,1,0,Y
2016,spencer drango,Baylor,OG,77.63,315,5.27,30,27,100,4.66,7.88,1,0,Y
2016,ryan kelly,Alabama,C,76,311,5.03,26,30,103,4.59,7.58,1,0,Y
2016,ronnie stanley,Notre Dame,OT,77.75,312,5.2,,28.5,,4.9,8.03,1,0,Y
2017,pat elflein,Ohio State,C,74.75,303,5.32,22,23.5,99,4.71,7.94,1,0,Y
2017,ryan ramczyk,Wisconsin,OT,77.75,310,,25,,,4.82,,1,0,Y
2018,orlando brown,Oklahoma,OT,80,345,5.85,14,19.5,82,5.38,7.87,1,0,Y
2018,quenton nelson,Notre Dame,OG,77,325,,35,26.5,105,4.62,7.65,1,0,Y
1997,winston alderson,Arkansas,OT,76.1,344,5.6,,24.5,92,5.25,8.85,0,0,N
1997,brad badger,Stanford,OG,76.4,296,5.22,21,32.5,111,4.13,,0,0,Y
1997,ben bordelon,Louisiana State,OT,77.1,298,5.42,22,28,104,4.73,8.25,0,0,N
1997,lamont burns,East Carolina (NC),OG,75.6,299,5.32,30,28.5,109,4.7,,0,0,Y
1997,calvin collins,Texas A&M,OG,73.6,307,5.19,22,28,102,4.61,,0,0,Y
1997,billy conaty,Virginia Tech,C,74.5,300,5.45,25,29,,,,0,0,N
1997,jerome daniels,Northeastern (MA),OT,77.1,356,5.63,25,27.5,,,,0,0,Y
1997,allen degraffenreid,Vanderbilt,OT,76.3,298,5.22,27,30,108,,,0,0,N
1997,damon denson,Michigan,OG,75.5,303,,18,,,,,0,0,Y
1997,chris dishman,Nebraska,OG,74.6,328,5.52,22,27,93,,,0,0,Y
1997,todd fordham,Florida State,OT,77.6,307,,25,,,,,0,0,N
1997,tarik glenn,California,OT,77.3,354,5.75,20,23,,,,0,0,Y
1997,jay hagood,Virginia Tech,OT,76.4,312,5.4,16,29,105,5.11,8.79,0,0,N
1997,kerry jenkins,Troy (AL),OT,77.6,296,5.39,15,24.5,102,4.92,8.32,0,0,N
1997,walter jones,Florida State,OT,76.9,301,5.09,,30.5,108,4.73,8.23,0,0,Y
1997,ben kaufman,Texas Tech,OG,76.1,289,5.6,13,23,99,,,0,0,N
1997,tim kohn,Iowa State,OT,77.3,313,5.31,25,32,111,4.37,7.9,0,0,Y
1997,adam meadows,Georgia,OT,76.9,297,5.04,,30,107,4.47,7.72,0,0,Y
1997,frank middleton,Arizona,OG,75.3,324,5.21,22,27,106,4.85,8.33,0,0,Y
1997,jeff mitchell,Florida,C,76.3,307,,33,,,,,0,0,Y
1997,larry moore,Brigham Young,OG,74.6,292,5.52,21,27.5,105,4.84,8.61,0,0,N
1997,jamie nails,Florida A&M,OT,78.1,387,5.77,37,21.5,93,5.4,9.18,0,0,Y
1997,brian newnam,Tulsa (OK),OG,75.4,291,5.35,31,29,109,4.75,8.4,0,0,N
1997,daniel palmer,Air Force,C,76.3,290,5.05,21,33.5,127,4.62,8.2,0,0,Y
1997,nathan parks,Stanford,OG,77.4,307,5.44,,24.5,99,4.56,8,0,0,Y
1997,rod payne,Michigan,C,75.5,303,5.64,28,24,,,,0,0,Y
1997,harvey pennypacker,Syracuse,C,75.5,287,,26,,,,,0,0,N
1997,todd perkins,Texas A&M-Kingsville,OT,75.5,292,5.38,27,28.5,101,4.77,8.73,0,0,N
1997,juan porter,Ohio State,C,75.5,302,5.33,,26.5,88,4.74,8.63,0,0,N
1997,tony ramirez,Northern Colorado,OT,77.9,296,,29,,,,,0,0,Y
1997,scott rehberg,Central Michigan,OG,79.8,324,,26,,,,,0,0,Y
1997,raleigh roundtree,South Carolina State,OT,76.6,295,5.4,14,24,87,4.93,8.48,0,0,Y
1997,scott sanderson,Washington State,OT,78.1,290,5.29,18,25.5,92,4.87,7.97,0,0,Y
1997,bob sapp,Washington,OG,76.4,303,5.19,30,29.5,116,4.62,8.3,0,0,Y
1997,steve scifres,Wyoming,OG,75.9,294,5.45,33,30,105,4.53,7.95,0,0,Y
1997,brent smith,Mississippi State,OG,77,303,5.09,24,29,,,,0,0,Y
1997,marcus spriggs,Houston,OG,75.9,315,5.45,29,26,,,,0,0,Y
1997,todd stewart,California,OT,77.1,294,5.27,19,27,94,4.79,8.2,0,0,N
1997,daryl terrell,Southern Mississippi,OG,76.5,307,5.23,28,29,103,4.77,8.33,0,0,N
1997,adam treu,Nebraska,OT,77.4,302,5.24,17,28,90,4.63,8.06,0,0,Y
1997,scott whittaker,Kansas,OT,78.6,302,5.37,,26,106,4.41,7.91,0,0,N
1997,paul wiggins,Oregon,OT,75.3,303,,33,,,,,0,0,Y
1997,jerry wunsch,Wisconsin,OT,77.9,327,,25,,,,,0,0,Y
1997,donnie young,Florida,OG,75.8,315,5.36,,26,101,4.67,8.25,0,0,N
1998,jason andersen,Brigham Young,OT,77.6,314,5.35,21,29.5,102,4.5,8.42,0,0,Y
1998,jason baker,Montana,OT,78.1,337,5.79,19,22.5,88,5.13,9.04,0,0,N
1998,eric bateman,Brigham Young,OG,78.5,319,,20,,,,,0,0,Y
1998,matt birk,Harvard,OT,76.9,308,5.4,21,29.5,106,4.45,8.13,0,0,Y
1998,rob bohlinger,Wyoming,OT,79.9,300,5.16,21,31,109,4.55,8.17,0,0,N
1998,jim bundren,Clemson,OG,74.9,303,5.16,29,28.5,103,4.43,8.11,0,0,Y
1998,anthony clement,Southwestern Louisiana,OT,79.4,355,5.64,23,26.5,97,4.93,8.6,0,0,Y
1998,tavarr closs,Connecticut,OT,76.6,299,5.46,21,26.5,104,5.07,8.97,0,0,N
1998,devon coburn,Mississippi,OT,74.8,290,5.36,14,32,98,4.72,8.73,0,0,N
1998,mo collins,Florida,OT,76.3,337,5.47,30,31.5,99,4.93,8.88,0,0,Y
1998,matt cox,Brigham Young,OG,77.8,305,5.65,,25,96,4.65,8.49,0,0,N
1998,gennaro dinapoli,Virginia Tech,OG,74.8,301,5.27,21,33,107,4.48,8.24,0,0,Y
1998,brandon dyson,Utah State,C,75.6,283,5.25,17,25.5,101,4.59,8.32,0,0,N
1998,jason fabini,Cincinnati,OT,78.4,314,5.63,20,25.5,89,4.68,8.41,0,0,Y
1998,dan finn,Northern Arizona,OG,75.5,316,5.29,26,29,108,4.39,8.32,0,0,N
1998,mark fischer,Purdue,OG,75.6,293,5.23,23,25.5,100,4.43,7.88,0,0,Y
1998,lonnie gilbert,North Carolina State,OG,74.4,289,5.18,22,,,,,0,0,N
1998,darryl gilliam,Maryland,OT,77,327,5.48,,23.5,87,4.77,8.28,0,0,N
1998,mike goff,Iowa,OG,77.1,314,5.11,24,26.5,109,4.53,8.05,0,0,Y
1998,eric gohlstin,Ohio State,OT,75.5,337,,20,,,,,0,0,N
1998,bob hallen,Kent State (OH),OT,75.9,292,5.05,34,30,105,4.35,7.75,0,0,Y
1998,robert hicks,Mississippi State,OT,79.4,351,5.65,22,21,97,5.07,9.17,0,0,Y
1998,paul janus,Northwestern,OT,76.9,295,5.47,16,29,101,4.54,8.21,0,0,N
1998,doug karczewski,Virginia,OT,76.6,295,5.3,25,28.5,104,4.56,8.51,0,0,Y
1998,todd kollar,Youngstown State (OH),OT,75.6,294,5.21,17,31,108,4.55,8.12,0,0,N
1998,jay korth,Wyoming,C,75.1,294,5.32,25,29.5,104,4.8,8.21,0,0,N
1998,kevin long,Florida State,C,77.3,296,5.33,21,31.5,103,4.52,8.14,0,0,Y
1998,jason mcendoo,Washington State,OG,76.3,310,5.52,25,24.5,99,4.8,8.42,0,0,Y
1998,steve mckinney,Texas A&M,OG,75.8,297,5.03,34,31.5,111,4.35,8.07,0,0,Y
1998,toby myles,Jackson State (MS),OT,76.6,313,5.32,17,29.5,109,4.84,8.64,0,0,Y
1998,jeremy newberry,California,C,76.9,314,5.44,27,27.5,99,4.77,8.34,0,0,Y
1998,phil ostrowski,Penn State,OG,76.4,282,5.44,15,26,96,4.7,8.07,0,0,Y
1998,jose portilla,Arizona,OT,78,325,,26,,,,,0,0,N
1998,phalen pounds,Southern California,OG,77.6,335,6.12,21,22,84,5.68,9.61,0,0,N
1998,victor riley,Auburn,OG,76.6,333,5.55,23,23,91,5.02,8.77,0,0,Y
1998,oliver ross,Iowa State,OT,76.4,301,5.21,24,26.5,97,4.59,8.15,0,0,Y
1998,glenn rountree,Clemson,OG,74.8,308,5.17,29,28.5,104,4.72,8.11,0,0,Y
1998,michael ruhl,Tulsa (OK),OT,78.1,308,5.46,15,27.5,90,4.69,8.24,0,0,N
1998,chris ruhman,Texas A&M,OT,77.3,313,5.43,13,25.5,91,4.63,8.33,0,0,Y
1998,ephraim salaam,San Diego State,OT,78.1,300,,18,28,,,,0,0,Y
1998,jeff saturday,North Carolina,C,74.4,292,5.24,25,25,100,4.85,8.52,0,0,N
1998,nathan strikwerda,Northwestern,C,76.1,296,5.24,27,26,97,4.52,8.03,0,0,Y
1998,melvin thomas,Colorado,OG,75.3,322,5.41,21,28,,,,0,0,Y
1998,tra thomas,Florida State,OT,79.8,349,,24,,,,,0,0,Y
1998,lamont turner,Hampton (VA),OG,77.4,316,5.47,18,27.5,89,5.16,8.85,0,0,N
1998,robert wade,Marshall (WV),C,77.1,302,5.51,19,25,,,,0,0,N
1998,todd washington,Virginia Tech,OG,75.1,312,5.4,15,25.5,101,4.81,8.33,0,0,Y
1998,todd weiner,Kansas State,OT,76.4,297,5.07,27,33.5,108,4.53,8.15,0,0,Y
1998,sammy williams,Oklahoma,OT,76.5,318,5.5,16,25.5,98,5.16,9.28,0,0,Y
1999,ben adams,Texas,OG,76.9,324,5.36,26,25.5,97,4.83,7.86,0,0,N
1999,phillip armour,North Texas,C,75,318,5.56,23,30.5,95,4.59,7.63,0,0,N
1999,octavious bishop,Texas,OT,76.4,354,5.84,22,,,,,0,0,N
1999,wilbert brown,Houston,OG,74.1,311,5.52,22,26,98,5.02,8.46,0,0,N
1999,doug brzezinski,Boston College,OG,75.9,309,5.32,26,26,98,4.53,,0,0,Y
1999,brandon bulsworth,Arkansas,OG,76,308,5.01,24,31.5,111,4.43,7.43,0,0,N
1999,justin burroughs,North Carolina State,C,76,288,4.86,23,33,114,4.23,7.36,0,0,N
1999,anthony cesario,Colorado State,OG,77.5,312,5.3,,26.5,102,,,0,0,Y
1999,tony coats,Washington,OG,78.5,312,5.36,21,30,101,4.54,7.79,0,0,Y
1999,dan collins,Boston College,OG,76,282,5.03,20,24,100,,,0,0,N
1999,kris comstock,Kentucky,OT,79.9,319,5.54,17,23.5,97,4.84,8.19,0,0,N
1999,mondell corbett,East Carolina (NC),OG,74.1,313,5.38,21,29,98,4.77,8.03,0,0,N
1999,demarcus curry,Auburn,OT,77,317,5.35,20,25.5,98,4.69,7.98,0,0,N
1999,aaron dalan,Washington,OT,80,328,5.24,23,23.5,99,4.61,8.03,0,0,N
1999,eric de groh,West Virginia,C,76,324,5.53,23,28,102,4.56,7.79,0,0,N
1999,dan dercher,Kansas,OT,77.6,293,5.26,14,28,108,4.49,7.78,0,0,N
1999,derrick fletcher,Baylor,OT,78.3,374,5.14,27,,,,,0,0,Y
1999,lennie friedman,Duke,OG,75.1,301,5.36,25,29,96,4.51,8.04,0,0,Y
1999,todd frohbieter,Arkansas State,OT,78,323,5.28,20,27,100,4.51,7.98,0,0,N
1999,jason gamble,Clemson,C,74,302,5.18,24,28.5,105,4.54,7.84,0,0,N
1999,kelvin garmon,Baylor,OG,74.4,329,5.09,23,25,96,4.66,7.84,0,0,Y
1999,justin glasgow,Kansas,OG,77,328,5.35,35,24,95,4.59,7.98,0,0,N
1999,cornell green,Central Florida,OT,78.6,325,5.56,18,23,91,4.8,8.43,0,0,N
1999,tyrone hopson,Eastern Kentucky,OG,75,319,5.21,20,26,102,4.62,7.86,0,0,Y
1999,corey hulsey,Clemson,OG,76.9,367,5.72,31,25,95,4.89,8.21,0,0,N
1999,jay humphrey,Texas,OT,78.4,322,5.38,28,31,100,4.62,7.78,0,0,Y
1999,robert hunt,Virginia,OG,75,291,5.17,23,24,94,4.66,7.93,0,0,Y
1999,jon jansen,Michigan,OT,78.4,305,5.3,22,27,100,4.61,7.62,0,0,Y
1999,willie jones,Grambling State (LA),OT,79,372,5.58,30,26,102,4.78,8.01,0,0,N
1999,scott kiernan,Syracuse,OG,75,307,5.58,,28,94,4.79,8.09,0,0,N
1999,eric king,Richmond (VA),OG,76.6,290,5.06,25,27,104,4.36,7.46,0,0,Y
1999,josh kobdish,Frenso State (CA),OT,78.1,301,5.43,21,24,98,4.83,7.98,0,0,N
1999,dan lauta,Buffalo,OT,76,301,5.15,26,26,101,4.54,7.79,0,0,N
1999,david loverne,San Jose State,OG,74.8,292,5.19,23,25,96,4.43,7.49,0,0,Y
1999,todd mcclure,Louisiana State,C,73.4,298,5.25,29,28,93,4.51,7.81,0,0,Y
1999,jason mills,Tulsa (OK),OG,77.1,315,5.43,30,24,104,4.64,7.87,0,0,N
1999,ulysses moore,Liberty (VA),OG,74,313,5.45,24,26,103,4.67,7.98,0,0,N
1999,jeremy morgan,Southern Methodist (TX),OG,76,296,5.29,,23.5,92,4.62,7.77,0,0,N
1999,edwin mulitalo,Arizona,OT,75.1,328,5.47,28,23.5,92,4.77,8.02,0,0,Y
1999,jamar nesbit,South Carolina,C,76.3,336,5.7,23,26.5,86,4.91,8,0,0,N
1999,mike newell,Colorado State,C,76,292,5.25,25,28.5,104,4.69,7.88,0,0,N
1999,ben nichols,Colorado,OG,77.1,307,5.24,29,30,99,4.67,8.22,0,0,N
1999,rick nord,Louisville,OG,78,306,5.3,21,25.5,98,4.73,8.01,0,0,N
1999,jeremy offutt,Oklahoma State,C,77,310,5.17,20,26,100,4.77,7.98,0,0,N
1999,solomon page,West Virginia,OT,76.4,306,5.23,24,31.5,104,,,0,0,Y
1999,luke petitgout,Notre Dame,OT,77.9,315,5.23,33,29,100,4.48,7.53,0,0,Y
1999,zach piller,Florida,OT,76.5,331,5.19,40,26.5,100,4.68,8.12,0,0,Y
1999,brian pukenas,West Virginia,OG,75.5,303,5.37,25,26.5,93,4.73,8.09,0,0,N
1999,ian rafferty,North Carolina State,OT,76.5,296,5.51,25,23.5,93,4.86,7.94,0,0,N
1999,jarvis reado,Tennessee,OT,77,328,5.4,,26,100,,,0,0,N
1999,cleve roberts,Troy (AL),OT,78,290,5.37,16,23.5,94,4.86,8.34,0,0,N
1999,derek rose,Iowa,C,75,283,5.22,21,25.5,96,4.9,8.24,0,0,N
1999,marek rubin,Yale,OT,78,310,5.36,26,25,96,4.76,8.19,0,0,N
1999,grey ruegamer,Arizona State,C,76.4,315,5.36,18,27.5,94,4.68,8.22,0,0,Y
1999,tom schau,Illinois,C,77,302,5.33,24,28,109,4.53,7.5,0,0,N
1999,yusef scott,Arizona,OG,74.3,324,5.75,,24,82,,,0,0,N
1999,lj shelton,Eastern Michigan,OT,77.5,341,5.44,22,29.5,96,4.77,7.87,0,0,Y
1999,bobby singh,Portland State (OR),OG,74.5,316,5.43,24,26,90,4.72,7.92,0,0,N
1999,jeff smith,Wyoming,C,76,286,5.23,38,25,102,4.77,7.93,0,0,N
1999,cameron spikes,Texas A&M,OG,75.3,314,5.01,23,32.5,114,4.36,7.51,0,0,Y
1999,john tait,Brigham Young,OT,78.1,310,5.22,26,29.5,104,4.4,7.48,0,0,Y
1999,chris terry,Georgia,OT,76.9,291,5.07,,31,108,4.41,7.73,0,0,Y
1999,randy thomas,Mississippi State,OG,75.6,306,4.99,23,31,101,4.66,7.71,0,0,Y
1999,rex tucker,Texas A&M,OT,77,303,5.14,27,30,106,4.43,7.4,0,0,Y
1999,brian uhl,Cincinnati,C,76,294,5.43,14,25,99,4.77,8.04,0,0,N
1999,floyd wedderburn,Penn State,OT,77.3,334,5.5,20,24.5,86,5.26,8.76,0,0,Y
1999,john welbourn,California,OT,77.1,317,5.09,24,30,99,4.88,8.14,0,0,Y
1999,brad winn,North Texas,OG,77,339,5.59,23,23,87,4.92,8.4,0,0,N
1999,jerry wisne,Notre Dame,OG,78.4,306,5.26,30,28,96,4.61,7.6,0,0,Y
1999,joe wong,Brigham Young,OT,78,314,5.68,22,27,100,4.95,8.25,0,0,Y
1999,damien woody,Boston College,C,75.1,328,5.15,26,28.5,98,4.99,8.21,0,0,Y
1999,ryan young,Kansas State,OT,77.4,335,5.57,20,,,,,0,0,Y
2000,darnell alford,Boston College,OT,76,334,5.58,23,25,94,4.98,8.48,0,0,Y
2000,mark baniewicz,Syracuse,OT,77.9,312,5.36,20,28,96,4.73,7.72,0,0,Y
2000,terrance beadles,Arkansas-Pine Bluff,OG,74.9,312,5.21,29,,,,,0,0,N
2000,brad bedell,Colorado,OG,76.4,302,5.12,17,31.5,103,4.58,7.76,0,0,Y
2000,cooper carlisle,Florida,OG,77.4,297,5.2,28,31,100,4.48,7.82,0,0,Y
2000,joey chustz,Louisiana Tech,OT,78.6,304,5.12,28,31,103,4.65,7.65,0,0,Y
2000,travis claridge,Southern California,OG,77.1,303,5.18,29,31.5,100,4.86,7.77,0,0,Y
2000,chad clifton,Tennessee,OT,77.3,334,5.12,24,30.5,102,4.73,7.58,0,0,Y
2000,kurth connell,Washington,OT,76.1,291,5.54,27,33,103,4.84,8.14,0,0,N
2000,adam davis,Oklahoma State,OG,75.9,309,5.69,,26,92,5,8.51,0,0,N
2000,jonathan gray,Texas Tech,OT,76.1,338,5.94,20,23,94,,,0,0,N
2000,semisi heimuli,Texas A&M,OG,73.4,312,5.43,20,29,94,4.63,7.94,0,0,N
2000,al jackson,Louisiana State,OG,74.6,304,5.2,19,,,,,0,0,N
2000,jeno james,Auburn,OG,75.1,320,5.66,24,25.5,94,5.22,8.51,0,0,Y
2000,ryan johanningmeier,Colorado,OG,77.9,310,5.28,,29,107,4.66,7.9,0,0,N
2000,matt johnson,Brigham Young,OG,76,345,5.6,35,28,99,4.99,8.07,0,0,Y
2000,leander jordan,Indiana (PA),OG,75.9,330,5.53,25,31,104,4.76,7.91,0,0,Y
2000,adrian klemm,Hawaii,OT,75.9,307,4.98,24,,,,,0,0,Y
2000,andrew kline,San Diego State,OG,74.1,305,5.49,26,28,103,4.6,7.54,0,0,Y
2000,noel lamontagne,Virginia,OG,76.1,299,5.09,21,,,,,0,0,N
2000,stockar mcdougle,Oklahoma,OT,77.3,361,5.5,24,,,,,0,0,Y
2000,damion mcintosh,Kansas State,OT,75.9,328,5.35,23,26,97,4.71,7.72,0,0,Y
2000,brad meester,Northern Iowa,C,75.4,298,5.13,25,34,110,4.43,7.46,0,0,Y
2000,richard mercier,Miami (FL),OG,74.6,295,5.4,18,26,97,4.78,7.84,0,0,Y
2000,michael moore,Troy (AL),OG,75,320,5.47,34,24.5,94,5.06,8.37,0,0,Y
2000,kualana noa,Hawaii,OT,75.6,317,5.38,27,25.5,98,4.74,7.82,0,0,N
2000,matt oneal,Oklahoma,C,75,277,5.06,17,27.5,94,4.72,7.59,0,0,N
2000,chase raynock,Montana,OT,78,308,5.53,22,25,94,5,8.33,0,0,N
2000,tutan reyes,Mississippi,OT,75.3,299,5.38,20,26.5,99,4.88,7.49,0,0,Y
2000,greg robinsonrandall,Michigan State,OT,77.6,333,5.62,22,26,95,5.13,8.15,0,0,Y
2000,roger roesler,Texas,OG,77.4,314,5.33,25,29.5,101,4.76,8.31,0,0,N
2000,manuia savea,Arizona,OG,74.3,308,5.34,24,25,92,,,0,0,Y
2000,wes shivers,Mississippi State,OT,77.4,318,5.68,18,22.5,98,4.81,8.48,0,0,Y
2000,marvel smith,Arizona State,OT,77,320,5.34,24,27.5,100,4.84,7.87,0,0,Y
2000,john stclair,Virginia,C,77,302,5.2,25,,,,,0,0,N
2000,mark tauscher,Wisconsin,OG,75.4,318,5.43,22,27,90,4.84,7.91,0,0,Y
2000,jason thomas,Hampton (VA),OG,75.4,300,5.24,23,29.5,100,,7.99,0,0,Y
2000,michael thompson,Tennessee State,OT,76.5,305,5.3,16,26,104,4.73,7.99,0,0,Y
2000,ryan tujague,Washington State,OG,77.1,297,5.2,21,27,96,4.95,8.18,0,0,N
2000,andy vincent,Texas A&M,OG,76,306,5.2,14,28.5,108,4.42,7.54,0,0,N
2000,todd wade,Mississippi,OT,79.9,326,5.25,29,27.5,101,4.68,7.68,0,0,Y
2000,bobby williams,Arkansas,OT,75.8,332,5.34,28,29,97,4.72,7.78,0,0,N
2001,tom ashworth,Colorado,OG,77.8,293,5.11,20,33.5,109,4.3,7.4,0,0,N
2001,jeff backus,Michigan,OT,77.5,310,5.29,25,27,99,4.67,8.27,0,0,Y
2001,jarvis borum,North Carolina State,OG,79.1,332,5.04,25,30.5,107,4.83,8.08,0,0,N
2001,will cuthbert,Alabama,OG,77.1,318,5.75,17,24.5,91,5.06,8.84,0,0,N
2001,rick demulling,Idaho,OG,75.9,307,5.29,32,31.5,108,4.6,7.62,0,0,Y
2001,ryan diem,Northern Illinois,OT,78.9,338,5.14,,34,102,4.46,7.5,0,0,Y
2001,charron dorsey,Florida State,OT,77.6,348,6.03,16,,,,,0,0,Y
2001,shawn draper,Alabama,OG,75.4,303,5.28,17,32,106,4.77,8.1,0,0,Y
2001,bill ferrario,Wisconsin,OG,74.3,314,5.3,17,,,,,0,0,N
2001,kynan forney,Hawaii,OG,74.4,312,5.29,23,27,97,4.7,8.56,0,0,Y
2001,mike gandy,Notre Dame,OG,76.4,305,5.2,,30.5,103,4.71,8.03,0,0,Y
2001,roberto garza,Texas A&M-Kingsville,C,74.1,303,5.01,37,32.5,114,4.53,7.71,0,0,Y
2001,adam haayer,Minnesota,OG,78.1,298,5.3,23,,,,,0,0,Y
2001,russ hochstein,Nebraska,OG,75.5,300,5.43,16,26.5,95,4.69,7.85,0,0,Y
2001,paul hogan,Alabama,C,75,290,5.46,26,29,102,4.54,7.78,0,0,N
2001,jonas jennings,Georgia,OT,75.6,334,5.27,31,29.5,102,4.93,8.08,0,0,Y
2001,kenyatta jones,South Florida,OT,75,308,5.02,31,,,,,0,0,Y
2001,michael keathley,Texas Christian,OG,75.6,308,5.22,28,32.5,,,,0,0,N
2001,matt lehr,Virginia Tech,OG,74,290,5.28,28,31.5,111,4.44,7.59,0,0,Y
2001,victor leyva,Arizona State,OG,75.4,313,5.33,37,30,105,4.73,8,0,0,Y
2001,matt light,Purdue,OT,76.8,311,5.3,26,,,4.49,7.84,0,0,Y
2001,lashaun mack,Norfolk State (VA),C,75,299,5.56,17,26.5,92,4.99,8.59,0,0,N
2001,kareem mckenzie,Penn State,OT,77.9,328,5.28,20,33,104,4.8,7.87,0,0,Y
2001,mathias nkwenti,Temple,OG,76,293,5.57,29,35.5,113,4.18,7.66,0,0,Y
2001,dennis norman,Princeton,OG,75.9,305,5.16,25,35,107,4.72,8.08,0,0,Y
2001,chukky okobi,Purdue,C,73,316,5.33,24,32.5,103,4.61,7.87,0,0,N
2001,tupe peko,Michigan State,C,75.9,300,5.36,18,28,92,4.56,8.1,0,0,N
2001,casey rabach,Wisconsin,C,76.5,298,5.23,19,34.5,,,,0,0,Y
2001,ray redziniak,Illinois,OG,74.6,296,5.46,32,27,92,4.77,8.17,0,0,N
2001,bernard robertson,Tulane (LA),OG,74.9,308,5.24,19,30,106,4.58,8.06,0,0,Y
2001,kendrick rogers,Central Missouri,OT,77,311,5.16,23,,,,,0,0,N
2001,elliot silvers,Washington,OT,78.9,348,5.42,19,31.5,99,4.66,7.81,0,0,Y
2001,omar smith,Kentucky,OG,73.6,293,5.27,21,30,98,,,0,0,N
2001,tim stuber,Colorado State,OG,77,315,5.6,22,28,96,4.75,8.06,0,0,N
2001,alex sulfsted,Miami (OH),OG,75.9,312,5.3,,30.5,96,,,0,0,Y
2001,marques sullivan,Illinois,OT,77.1,338,5.31,28,30.5,98,4.8,8.36,0,0,Y
2001,tarlos thomas,Florida State,OT,77.4,336,5.55,19,25,92,4.9,8.6,0,0,N
2001,albert traylor,Northwestern State (LA),OG,74.8,307,5.41,20,27,96,,8.34,0,0,N
2001,chris valletta,Texas A&M,OG,75,299,5.32,18,33.5,98,4.53,7.9,0,0,N
2001,patrick venzke,Idaho,OT,78,303,5.21,,34,103,4.59,8.08,0,0,N
2001,keydrick vincent,Mississippi,OG,77,328,5.59,23,32.5,94,,,0,0,N
2001,kenyatta walker,Florida,OT,76.9,311,5.18,24,31.5,109,4.6,7.7,0,0,Y
2001,chad ward,Washington,OG,76.4,321,5.2,26,32.5,99,4.9,7.98,0,0,Y
2001,louis williams,Louisiana State,OG,76.4,299,5.44,25,28.5,103,4.67,7.86,0,0,Y
2001,maurice williams,Michigan,OT,77,304,5.2,24,,,,,0,0,Y
2001,floyd womack,Mississippi State,OG,76,345,5.57,23,29.5,97,4.96,8.78,0,0,Y
2001,paul zukauskas,Boston College,OG,77.1,307,5.3,22,,,,,0,0,Y
2002,pj alexander,Syracuse,OG,76,299,5.38,,29.5,102,4.73,7.9,0,0,N
2002,matt anderle,Minnesota,OT,78,327,5.55,26,29,101,4.8,7.99,0,0,Y
2002,jason ball,New Hampshire,C,74.3,301,5.43,27,29,92,4.73,7.87,0,0,N
2002,kevin barry,Arizona,OG,76,325,5.36,24,28.5,106,4.73,8.34,0,0,N
2002,martin bibla,Miami (FL),OG,75.4,306,5.08,35,,,,,0,0,Y
2002,pete campion,North Dakota State,OG,76.1,307,5.25,30,25.5,86,4.81,7.96,0,0,Y
2002,reggie coleman,Tennessee,OT,77.1,301,5.25,,29,102,4.88,7.84,0,0,Y
2002,michael collins,Wake Forest,OT,77.5,300,5.55,32,25.5,98,4.98,8.62,0,0,N
2002,marc colombo,Boston College,OT,79.9,313,5.31,30,29.5,100,4.6,7.65,0,0,Y
2002,alonzo cunningham,Iowa,OG,75.8,316,5.47,,24,94,4.73,8.52,0,0,N
2002,konrad dean,Akron,OG,76,333,5.57,30,27.5,97,4.97,8.37,0,0,N
2002,howard duncan,Oklahoma,OG,75.6,324,5.51,22,28.5,97,4.69,8.31,0,0,N
2002,andy eby,Kansas State,C,75.4,300,5.12,28,29,102,4.55,7.46,0,0,N
2002,steve edwards,Central Florida,OG,76.8,355,5.57,20,23,90,5.15,8.37,0,0,N
2002,toniu fonoti,Nebraska,OG,75.9,349,5.53,32,28.5,94,4.81,8.12,0,0,Y
2002,melvin fowler,Maryland,C,75,300,5.46,32,27,99,4.6,7.51,0,0,Y
2002,jonathan goodwin,Michigan,OG,75.3,318,5.04,,,,,,0,0,Y
2002,eric heitmann,Stanford,OG,75.9,305,5.25,33,28,94,4.6,7.56,0,0,Y
2002,artis hicks,Memphis,OG,77,303,5.08,22,29.5,104,4.64,7.85,0,0,N
2002,matt hill,Boise State,OT,78.1,300,5.35,20,28.5,98,4.54,7.58,0,0,Y
2002,jermese jones,Virginia,OT,77.4,337,5.28,22,,,,,0,0,N
2002,levi jones,Arizona State,OT,77.5,304,5.23,,,102,,,0,0,Y
2002,antwan kirkhughes,Texas,OG,75,315,5.43,,27,92,4.91,8.28,0,0,N
2002,kyle kosier,Arizona State,OT,76.8,293,5.09,24,29.5,107,4.49,7.34,0,0,N
2002,broderick lancaster,Colorado State,OG,75.6,310,5.28,14,,,,,0,0,N
2002,tango mccauley,Alabama State,OG,75.4,304,5.28,29,31,97,4.78,7.9,0,0,N
2002,curt mcgill,Georgia,C,75.4,290,5.08,30,,,,,0,0,N
2002,seth mckinney,Texas A&M,C,75.4,300,4.99,23,33.5,104,4.51,7.36,0,0,Y
2002,ben miller,Air Force,C,74.5,263,4.93,18,37.5,113,4.46,7.28,0,0,N
2002,quasim mitchell,North Carolina A&T,OG,78,335,5.29,22,26,,4.94,8.07,0,0,N
2002,shannon money,Arkansas,OG,75.4,295,5.29,25,33.5,105,,,0,0,N
2002,marquise muldrow,Arizona State,OG,74.1,316,5.33,29,25.5,97,4.8,8.12,0,0,N
2002,melvin paige,South Carolina,OG,77,314,5.35,30,23.5,,,,0,0,N
2002,scott peters,Arizona State,C,75.3,300,5.14,36,33.5,95,4.69,7.68,0,0,Y
2002,dwayne pierce,Louisiana State,OG,74,319,5.51,,26,91,5.23,8.12,0,0,N
2002,chester pitts,San Diego State,OT,75.6,320,5.22,,30,104,4.81,7.84,0,0,Y
2002,mike pucillo,Auburn,OG,75.9,317,5.31,26,28,,,,0,0,Y
2002,zach quaccia,Stanford,C,75.9,309,5.37,23,26.5,91,4.6,7.9,0,0,N
2002,victor rogers,Colorado,OG,78.1,331,5.58,20,25,92,5.16,9,0,0,Y
2002,frank romero,Oklahoma,OG,76,300,5.32,22,27.5,87,4.79,7.66,0,0,N
2002,jason scukanec,Brigham Young,C,74.1,304,5.38,30,29,98,4.59,7.87,0,0,N
2002,kendall simmons,Auburn,OG,74.6,311,5.34,24,28.5,98,4.71,7.84,0,0,Y
2002,ed taamu,Utah,OG,73.9,335,5.26,28,29,,,,0,0,N
2002,kurt vollers,Notre Dame,OT,79.1,321,5.39,30,30.5,,,,0,0,N
2002,langston walker,California,OT,80,344,5.26,21,28.5,102,4.95,8.09,0,0,Y
2002,mike williams,Texas,OT,77.6,375,5.3,29,30,100,,,0,0,Y
2003,justin bates,Colorado,OG,75.9,300,5.46,18,,,,,0,0,Y
2003,jordan black,Notre Dame,OT,77.9,314,5.21,,30,106,4.47,7.65,0,0,Y
2003,jeremy bridges,Southern Mississippi,OG,76.1,301,5.45,25,28.5,96,4.74,8.12,0,0,Y
2003,lucas brigman,Nebraska-Omaha,C,72.4,308,5.44,26,27,101,4.6,7.99,0,0,N
2003,ben claxton,Mississippi,C,74.6,301,5.34,,27,102,4.65,7.81,0,0,Y
2003,brennan curtin,Notre Dame,OT,81.1,318,5.3,,32,100,4.84,7.97,0,0,Y
2003,anthony davis,Virginia Tech,OG,76.4,329,5.41,,27.5,95,4.91,8.25,0,0,N
2003,enoch demar,Indiana,OG,75.9,334,5.67,22,22.5,90,5.08,8.35,0,0,N
2003,david diehl,Illinois,OG,78,310,5.26,22,28,96,4.97,8.1,0,0,Y
2003,robbie doane,Texas,OG,78.1,311,5.42,,24.5,85,4.73,8.01,0,0,N
2003,gus felder,Penn State,OG,74.9,324,5.9,,23.5,94,5.48,9.09,0,0,N
2003,george foster,Georgia,OT,77.4,338,5.23,,27,100,,,0,0,Y
2003,makoa freitas,Arizona,OG,76,307,5.1,36,24.5,95,4.86,8.22,0,0,Y
2003,kwame harris,Stanford,OT,79,310,5.22,,35.5,107,4.58,7.97,0,0,Y
2003,montrae holland,Florida State,OG,73.5,333,5.3,30,,,5.12,8.45,0,0,Y
2003,wayne hunter,Hawaii,OT,77.6,303,5.16,37,31,104,4.54,7.72,0,0,Y
2003,jason jimenez,Southern Mississippi,OT,78.9,311,5.31,18,30,96,4.64,8.47,0,0,N
2003,ben johnson,Wisconsin,OT,78.5,329,5.37,30,,,,,0,0,Y
2003,garry johnson,Arkansas State,OT,76,289,5.28,17,24.5,97,4.89,8.27,0,0,N
2003,jason jowers,Wisconsin,OG,78.4,319,5.5,,29.5,101,4.82,8.3,0,0,N
2003,austin king,Northwestern,C,75.9,299,5.57,20,28,106,4.72,7.99,0,0,Y
2003,scott kooistra,North Carolina State,OT,77.9,316,5.18,28,31,103,4.57,7.93,0,0,Y
2003,dan koppen,Boston College,C,74.6,297,5.31,27,28.5,101,4.46,8.24,0,0,Y
2003,damian lavergne,Louisiana Tech,OT,78,333,5.57,17,27,92,4.82,8.43,0,0,N
2003,pete lougheed,Purdue,OT,76.8,300,5.18,20,28.5,93,4.5,7.85,0,0,N
2003,sean mahan,Notre Dame,OG,75,301,5.16,30,30,105,4.75,7.75,0,0,Y
2003,vince manuwai,Hawaii,OG,74,304,5.19,27,29.5,107,4.37,7.57,0,0,N
2003,kareem marshall,Georgia,OT,76.6,359,5.22,,27.5,92,,,0,0,N
2003,gene mruczkowski,Purdue,C,74.6,297,5.19,28,,,,,0,0,N
2003,bruce nelson,Iowa,C,77.3,301,5.26,21,,,,,0,0,Y
2003,lance nimmo,West Virginia,OT,77.3,303,5.33,20,27,90,4.93,8.19,0,0,Y
2003,will ofenheusle,Tennessee,OT,78.5,308,5.35,23,26.5,94,4.92,8.65,0,0,N
2003,tony pashos,Illinois,OT,78,337,5.3,38,,,,,0,0,Y
2003,david porter,Iowa,OT,77.9,311,5.34,,26,95,4.96,8.43,0,0,N
2003,tim provost,San Jose State,OT,77.1,301,5.3,21,28.5,102,4.67,8.37,0,0,Y
2003,dustin rykert,Brigham Young,OT,78.4,327,5.52,21,26.5,92,4.83,8.19,0,0,Y
2003,watts sanderson,South Carolina,OT,77,303,5.39,24,28.5,100,4.92,8.47,0,0,N
2003,justin sands,Kansas,OG,78.9,324,5.07,31,32,105,,,0,0,N
2003,greg schindler,Stanford,OG,77.1,307,5.1,18,30.5,94,5.07,8.55,0,0,N
2003,steve sciullo,Marshall (WV),OT,77.1,330,5.52,23,28,98,4.65,7.84,0,0,Y
2003,chad setterstrom,Northern Iowa,OG,75.1,309,5.46,16,28.5,101,4.61,7.91,0,0,N
2003,wade smith,Memphis,OT,75.9,296,5.15,24,32.5,114,4.71,7.6,0,0,Y
2003,ben sobieski,Iowa,OG,77.3,307,5.01,18,30,109,4.43,7.69,0,0,Y
2003,jamil soriano,Harvard,OG,76,317,5.48,,27.5,103,5.08,8.54,0,0,N
2003,jon stinchcomb,Georgia,OT,77,302,5.09,32,35,115,4.58,7.83,0,0,N
2003,scott tercero,California,OG,76,303,5.23,25,28.5,103,4.51,7.81,0,0,Y
2003,tony terrell,Nevada Las Vegas,OG,75.3,334,5.52,25,25.5,94,4.97,8.6,0,0,N
2003,torrin tucker,Southern Mississippi,OG,77.8,328,5.43,,30,103,4.96,8.38,0,0,N
2003,seth wand,Northwest Missouri State,OT,79,321,5.15,20,31.5,107,4.5,7.57,0,0,Y
2003,reggie wells,Clarion (PA),OT,75.3,300,5.2,23,29,104,4.53,8.34,0,0,Y
2003,taylor whitley,Texas A&M,OG,75.9,321,5.2,28,30,106,4.55,7.95,0,0,Y
2003,brett williams,Florida State,OT,76.8,321,5.28,,27.5,99,5.01,8.57,0,0,Y
2003,todd williams,Florida State,OT,76.8,340,5.14,27,32.5,108,4.54,8.06,0,0,Y
2004,stacy andrews,Mississippi,OT,78.1,342,5.07,34,30.5,106,4.78,8.09,0,0,Y
2004,jacob bell,Miami (OH),OG,76.8,302,5.22,26,,,,,0,0,Y
2004,sean bubin,Illinois,OT,78.5,306,5.29,25,24.5,97,4.76,7.66,0,0,Y
2004,kelly butler,Purdue,OT,79.4,320,5.12,,30.5,105,4.92,7.96,0,0,Y
2004,vernon carey,Miami (FL),OG,76.4,335,5.32,30,,,,,0,0,Y
2004,marko cavka,Sacramento State (CA),OT,79,294,5.17,27,27.5,107,4.4,7.57,0,0,Y
2004,toby cecil,Texas Tech,C,76,297,5.25,19,,85,4.98,8.31,0,0,N
2004,kirk chambers,Stanford,OT,79.3,313,5.51,22,27,101,4.4,7.56,0,0,Y
2004,quinn christensen,Brigham Young,OG,77.9,312,5.1,32,,,,,0,0,N
2004,tyson clabo,Wake Forest,OG,78.9,315,5.45,24,30,100,4.88,8.09,0,0,N
2004,adrien clarke,Ohio State,OG,77,329,5.49,,26,102,4.74,7.9,0,0,Y
2004,regis crawford,Arizona State,OG,74,316,6.07,,,,4.86,8.03,0,0,N
2004,trey darilek,Texas-El Paso,OG,76,301,5.23,22,28.5,110,4.66,7.85,0,0,Y
2004,nat dorsey,Georgia Tech,OT,79,322,5.46,26,28.5,102,4.89,8.3,0,0,Y
2004,khiawatha downey,Indiana (PA),OG,76.1,332,5.47,21,26.5,98,4.82,8.01,0,0,N
2004,rex hadnot,Houston,C,74.1,323,5.51,27,24.5,91,4.66,7.94,0,0,Y
2004,antonio hall,Kentucky,OG,75.4,317,5.53,27,26.5,101,4.55,8.12,0,0,N
2004,nick hardwick,Purdue,C,75.5,295,5.2,27,34,108,4.55,7.72,0,0,Y
2004,joseph hayes,San Jose State,OG,76.4,311,5.65,18,23,94,5.12,8.25,0,0,N
2004,scott jackson,Brigham Young,C,76.1,300,4.94,28,30.5,105,4.52,7.84,0,0,N
2004,adrian jones,Kansas,OT,76.3,296,4.95,27,31,114,4.58,7.81,0,0,Y
2004,carlos joseph,Miami (FL),OT,77.9,345,5.25,29,,,,,0,0,Y
2004,nick leckey,Kansas State,C,74.9,290,5.23,18,27,97,4.47,7.71,0,0,Y
2004,brad lekkerkerker,UC-Davis,OT,79,317,5.39,23,27.5,102,4.71,7.94,0,0,N
2004,sean locklear,North Carolina State,OG,76,308,5.19,27,29,100,4.56,7.85,0,0,Y
2004,dylan mcfarland,Montana,OT,77.9,304,5.26,31,27.5,98,,,0,0,Y
2004,jim molinaro,Notre Dame,OT,77.9,308,5.09,21,29.5,105,4.6,7.75,0,0,Y
2004,shane olivea,Ohio State,OT,74.9,302,5.25,,29,92,4.71,8.25,0,0,Y
2004,tony pape,Michigan,OT,78.1,323,5.35,26,27,97,4.6,8.01,0,0,Y
2004,josh parrish,Washington State,OT,77.9,330,5.39,20,28,104,4.61,8.24,0,0,N
2004,stephen peterman,Louisiana State,OG,76,312,5.45,23,24.5,95,4.68,7.87,0,0,Y
2004,alan reuber,Texas A&M,OG,78.3,323,5.52,26,29,98,4.91,7.95,0,0,N
2004,brian rimpf,East Carolina (NC),OT,77.6,319,5.4,31,28,105,4.66,7.97,0,0,Y
2004,jake scott,Idaho,OT,76.9,281,5.04,24,34.5,110,4.68,7.96,0,0,Y
2004,josh sewell,Nebraska,C,73.6,301,5.06,30,30,99,4.24,7.53,0,0,Y
2004,kurt sigler,Eastern Washington,C,77,306,5.84,,24,93,4.72,8.09,0,0,N
2004,justin smiley,Alabama,OG,75.3,298,5,19,32,111,4.41,7.72,0,0,Y
2004,chris snee,Boston College,OG,74.8,314,5.1,29,30.5,104,4.66,7.75,0,0,Y
2004,shannon snell,Florida,OG,76.4,316,5.8,21,25.5,93,4.91,8.38,0,0,N
2004,max starks,Florida,OT,79,350,5.43,21,27.5,98,4.65,7.88,0,0,Y
2004,alex stepanovich,Ohio State,C,75.4,304,5.26,,25.5,96,4.44,7.64,0,0,Y
2004,drew strojny,Duke,OT,79.1,327,5.38,,29.5,99,4.84,7.98,0,0,Y
2004,jeb terry,North Carolina,OG,77.3,313,5.18,27,29,105,4.98,8.03,0,0,Y
2004,scott wells,Tennessee,C,73.9,300,5.26,31,31,109,4.35,7.56,0,0,Y
2004,travelle wharton,South Carolina,OT,75.6,312,5.12,,31.5,105,4.58,8.31,0,0,Y
2004,mark wilson,California,OT,78.8,314,5.38,24,28.5,108,4.49,7.53,0,0,Y
2005,anthony alabi,Texas Christian,OT,77.13,310,5.23,18,32.5,100,4.6,7.62,0,0,Y
2005,calvin armstrong,Washington State,OT,79.13,325,5.52,26,34,93,4.66,7.62,0,0,Y
2005,khalif barnes,Washington,OT,77.75,305,4.99,26,35,104,4.54,7.57,0,0,Y
2005,joe berger,Michigan Tech,OT,77.5,303,5.2,30,27,96,4.62,7.77,0,0,Y
2005,wesley britt,Alabama,OT,80,314,5.3,24,,,,,0,0,Y
2005,cj brooks,Maryland,OG,77.5,309,5.17,24,31.5,108,4.56,7.61,0,0,N
2005,jason brown,North Carolina,C,74.8,313,5.5,23,30.5,102,4.51,7.72,0,0,Y
2005,tim brown,West Virginia,OT,76.5,318,5.67,23,29,89,4.92,7.84,0,0,N
2005,doug buckles,Mississippi,OG,77.3,311,5.52,18,23.5,88,4.8,8.17,0,0,N
2005,dan buenning,Wisconsin,OG,75.9,320,5.35,29,28,106,4.59,7.9,0,0,Y
2005,jonathan clinkscale,Wisconsin,OG,74.3,315,5.52,,27.5,93,,,0,0,N
2005,jon colon,Florida,OT,79.25,317,5.64,,25.5,82,4.89,8.03,0,0,N
2005,dan connolly,Southeast Missouri State,OT,75.63,311,5.26,22,28.5,102,4.54,7.65,0,0,N
2005,junius coston,North Carolina A&T,C,75.4,310,5.34,21,29.5,101,4.56,7.93,0,0,Y
2005,harvey dahl,Nevada,OT,78.13,299,5.42,17,27,99,4.58,8.16,0,0,N
2005,jon dunn,Virginia Tech,OT,79.25,328,5.44,,,,,,0,0,Y
2005,trai essex,Northwestern,OT,76.5,324,5.63,,29,91,4.92,8.11,0,0,Y
2005,dylan gandy,Texas Tech,OG,75,304,5.18,,29.5,100,4.51,7.62,0,0,Y
2005,justin geisinger,Vanderbilt,OT,75.75,322,5.38,34,25,92,4.62,7.87,0,0,Y
2005,eric ghiaciuc,Central Michigan,C,76,302,5.14,30,32,102,4.56,7.87,0,0,Y
2005,geoff hangartner,Texas A&M,C,77,301,5.25,26,28.5,100,4.52,7.62,0,0,Y
2005,drew hodgdon,Arizona State,C,74.8,309,5.31,,32,108,4.45,7.49,0,0,Y
2005,rob hunt,North Dakota State,C,75.8,301,5.02,31,34.5,107,4.48,7.53,0,0,N
2005,richie incognito,Nebraska,C,75.3,305,4.92,29,,,,,0,0,Y
2005,marcus johnson,Mississippi,OG,78.5,321,5.56,21,27.5,97,4.71,7.71,0,0,Y
2005,nick kaczur,Toledo,OT,76.5,319,5.3,,31.5,,,,0,0,Y
2005,chris kemoeatu,Utah,OG,75.5,344,5.36,26,29,97,4.54,7.75,0,0,Y
2005,adam kieft,Central Michigan,OT,79,337,5.52,28,33,110,4.77,7.8,0,0,Y
2005,sam lightbody,Washington State,OT,81,321,5.66,,30,108,4.41,7.95,0,0,N
2005,daniel loper,Texas Tech,OT,78,306,5.35,14,31,98,4.68,7.74,0,0,Y
2005,logan mankins,Frenso State (CA),OG,76.1,307,5.14,21,30,95,4.44,7.52,0,0,Y
2005,evan mathis,Alabama,OG,77.3,304,4.96,35,34,117,4.16,7.37,0,0,Y
2005,pete mcmahon,Iowa,OT,79.6,329,5.45,26,25.5,90,4.8,7.97,0,0,Y
2005,scott mruczkowski,Bowling Green (OH),C,76.5,321,5.29,28,,,,,0,0,Y
2005,chris myers,Miami (FL),OG,76.6,300,5.18,25,,,,,0,0,Y
2005,doug nienhuis,Oregon State,OG,77.8,307,5.18,22,28.5,95,4.47,7.5,0,0,Y
2005,frank omiyale,Tennessee Tech,OT,76.3,310,5.4,22,28.5,101,4.72,8.19,0,0,Y
2005,jeremy parquet,Southern Mississippi,OT,78.8,323,5.34,17,28.5,88,4.8,7.95,0,0,Y
2005,duke preston,Illinois,C,77.1,311,5.42,21,32,96,4.45,7.57,0,0,Y
2005,leon robinson,Georgia Tech,OG,76,314,5.25,22,34.5,108,4.76,8.27,0,0,N
2005,michael roos,Eastern Washington,OT,78.6,320,5.28,19,29,96,4.5,7.72,0,0,Y
2005,wes sims,Oklahoma,OT,77,318,5.42,26,28,104,4.43,7.68,0,0,Y
2005,adam snyder,Oregon,OG,77.4,316,5.37,21,28.5,93,4.83,7.83,0,0,Y
2005,chris spencer,Mississippi,C,74.9,309,5.24,26,29,104,4.59,8.06,0,0,Y
2005,nick steitz,Oregon,OG,75.5,312,5.6,,29.5,97,4.65,8.16,0,0,N
2005,david stewart,Mississippi State,OT,78.5,314,5.25,24,,,,,0,0,Y
2005,claude terrell,New Mexico,OG,74.3,343,5.41,27,24.5,88,4.75,8.17,0,0,Y
2005,adam terry,Syracuse,OT,80,330,5.43,,26.5,95,4.78,7.89,0,0,Y
2005,mike watson,West Virginia,OT,76.1,316,5.51,,27.5,95,,,0,0,N
2005,sam wilder,Colorado,OT,76.9,298,5.39,23,26.5,99,4.5,7.43,0,0,N
2005,ray willis,Florida State,OT,77.6,327,5.4,27,,,,,0,0,Y
2005,scott young,Brigham Young,OG,75.6,312,5.07,43,32.5,115,4.37,7.46,0,0,Y
2006,kevin boothe,Cornell (NY),OT,76.75,316,5.44,23,31.5,98,5.07,8.36,0,0,Y
2006,rashad butler,Miami (FL),OT,76.63,293,5.32,16,28,106,4.55,7.9,0,0,Y
2006,chris chester,Oklahoma,C,75.38,303,4.91,27,31.5,106,4.5,7.31,0,0,Y
2006,jeromey clary,Kansas State,OT,78.13,309,5.34,24,26,102,4.63,7.8,0,0,Y
2006,daryn colledge,Boise State,OT,76.38,299,5.07,21,32.5,110,4.58,7.43,0,0,Y
2006,ryan cook,New Mexico,OT,78.63,328,5.49,28,26.5,97,4.66,7.93,0,0,Y
2006,mike degory,Florida,C,77.5,305,5.45,24,26,98,4.67,8.03,0,0,N
2006,jhari evans,Bloomsburg,OT,76.5,316,5.25,20,27,95,4.8,7.98,0,0,N
2006,max jeangilles,Georgia,OG,75.75,355,5.54,27,24.5,95,5.08,8.56,0,0,Y
2006,davin joseph,Oklahoma,OG,74.63,311,5.13,24,32,111,4.97,,0,0,Y
2006,chris kuper,North Dakota,OG,76.38,301,5.12,24,30,109,4.6,7.59,0,0,Y
2006,nick mangold,Ohio State,C,75.63,300,5.09,24,27.5,104,4.36,7.47,0,0,Y
2006,jimmy martin,Virginia Tech,OT,77,303,5.26,25,31,101,,,0,0,Y
2006,fred matua,Southern California,OG,74.38,306,5.04,28,24.5,93,4.76,7.87,0,0,Y
2006,paul mcquistan,Weber State (UT),OT,78.13,312,5.11,28,29.5,110,4.62,7.72,0,0,Y
2006,rob meadow,Washington,OG,76.88,324,5.42,29,24,99,4.73,7.94,0,0,N
2006,will montgomery,Virginia Tech,C,75,312,5.12,35,29.5,104,4.43,7.4,0,0,Y
2006,ryan ocallaghan,California,OT,78.63,344,5.4,21,25,92,,,0,0,Y
2006,quinn ojinnaka,Syracuse,OT,76.63,309,5.49,21,28.5,102,5.11,8.45,0,0,Y
2006,terrance pennington,New Mexico,OT,79.25,325,5.39,28,28.5,102,,,0,0,Y
2006,marvin philip,California,C,73,307,5.29,27,27,96,4.69,7.85,0,0,Y
2006,donovan raiola,Wisconsin,C,74.13,300,5.57,20,25,90,4.97,8.17,0,0,N
2006,troy reddick,Auburn,OG,76.88,334,5.65,21,,,4.82,7.92,0,0,N
2006,dennis roland,Georgia,OT,81.63,328,5.3,19,,,,,0,0,N
2006,pat ross,Boston College,C,75.5,301,5.01,23,,,,,0,0,N
2006,mark setterstrom,Minnesota,OG,75.75,314,5.4,19,26.5,100,4.53,7.63,0,0,Y
2006,isaac sowells,Indiana,OG,75.5,324,5.19,20,28.5,101,4.98,8.13,0,0,Y
2006,charles spencer,Pittsburgh,OG,76.75,352,5.31,30,,,,,0,0,Y
2006,jason spitz,Louisville,OG,75.5,313,5.43,25,28.5,102,4.55,7.82,0,0,Y
2006,dan stevenson,Notre Dame,OG,77.13,300,5.39,24,24.5,100,4.59,7.58,0,0,Y
2006,zach strief,Northwestern,OT,79.63,330,5.45,19,21,94,4.83,8.01,0,0,Y
2006,tony tella,Miami (FL),OG,76,307,5.2,24,24.5,97,4.84,8.17,0,0,N
2006,joe toledo,Washington,OT,77.5,337,5.14,32,,,,,0,0,Y
2006,michael toudouze,Texas Christian,OT,77.75,303,5.12,23,26.5,100,4.7,7.45,0,0,Y
2006,jeremy trueblood,Boston College,OT,80,316,5.31,20,27.5,96,4.68,7.82,0,0,Y
2006,stefon wheeler,Michigan State,OT,76.63,339,5.77,,19.5,73,4.86,8.09,0,0,N
2006,guy whimper,East Carolina (NC),OT,76.75,304,4.96,26,29,102,4.59,7.38,0,0,Y
2006,ej whitley,Texas Tech,OT,77,309,5.37,16,25,101,4.79,7.53,0,0,Y
2006,andrew whitworth,Louisiana State,OT,79,334,5.17,28,30.5,112,4.83,8.23,0,0,Y
2006,eric winston,Miami (FL),OT,78.6,310,4.96,,29,108,4.44,7.47,0,0,Y
2007,andy alleman,Akron,OG,76,305,5.08,27,30,106,4.65,7.8,0,0,Y
2007,allen barbre,Missouri Southern,OT,76,300,4.88,28,32,105,4.63,7.4,0,0,Y
2007,josh beekman,Boston College,OG,73.63,313,5.4,24,25.5,93,4.81,8.24,0,0,Y
2007,nathan bennett,Clemson,OG,76.38,316,5.69,34,26.5,90,5.04,8.15,0,0,N
2007,levi brown,Penn State,OT,77.5,323,5.42,31,25.5,97,4.89,7.87,0,0,Y
2007,doug datish,Ohio State,C,76.13,302,5.15,31,26,102,4.65,7.51,0,0,Y
2007,chris denman,Frenso State (CA),OT,78.5,315,5.65,21,27.5,97,4.92,8.1,0,0,Y
2007,tim duckworth,Auburn,OG,75,306,5.44,20,25,94,4.78,8.26,0,0,N
2007,doug free,Northern Illinois,OT,78.25,324,5.21,22,30,111,4.53,7.38,0,0,Y
2007,dustin fry,Clemson,C,74.63,314,5.41,34,,,,,0,0,Y
2007,brandon frye,Virginia Tech,OT,76.13,301,5.1,34,32.5,103,4.4,7.5,0,0,Y
2007,ben grubbs,Auburn,OG,74.75,311,5.21,29,26.5,103,4.72,7.99,0,0,Y
2007,gabe hall,Texas Tech,OT,75.88,313,4.92,22,29,104,4.68,7.59,0,0,N
2007,leroy harris,North Carolina State,C,74.5,302,5.36,29,24.5,96,4.8,8,0,0,Y
2007,ryan harris,Notre Dame,OT,76.5,305,5.11,22,25.5,100,4.52,7.78,0,0,Y
2007,mario henderson,Florida State,OT,78.5,302,5.12,20,28.5,109,4.87,7.6,0,0,Y
2007,stephon heyer,Maryland,OT,78.38,334,5.62,30,,94,,,0,0,N
2007,corey hilliard,Oklahoma State,OT,77.25,308,5.34,28,27,106,4.65,7.45,0,0,Y
2007,chase johnson,Wyoming,OT,80.5,330,5.46,,27,91,4.7,8.15,0,0,N
2007,mike jones,Iowa,OG,77,309,5.46,28,25.5,98,4.88,7.8,0,0,N
2007,ryan kalil,Southern California,C,74.75,299,4.98,34,26,104,4.34,7.5,0,0,Y
2007,adam koets,Oregon State,OT,77.13,298,5.09,20,32,106,4.47,7.44,0,0,Y
2007,enoka lucas,Oregon,C,74.63,303,5.55,34,27.5,104,4.84,8.1,0,0,N
2007,palauni ma sun,Oregon,OG,77.1,319,5.89,22,24.5,91,5.01,8.7,0,0,N
2007,james marten,Boston College,OT,79.5,309,5.09,,30.5,100,4.54,7.68,0,0,Y
2007,drew mormino,Central Michigan,C,75.25,299,5.33,27,28,105,4.53,7.48,0,0,Y
2007,uche nwaneri,Purdue,OG,75.13,325,5.42,24,,,,,0,0,Y
2007,mike otto,Purdue,OT,77.5,308,5.24,20,26.5,105,4.67,7.62,0,0,N
2007,manuel ramirez,Texas Tech,OG,75,326,5.24,40,,,,,0,0,N
2007,dan santucci,Notre Dame,OG,75.5,301,5.16,23,29,102,4.74,7.47,0,0,Y
2007,samson satele,Hawaii,C,74.63,300,5.26,25,33,101,4.29,7.47,0,0,Y
2007,ken shackleford,Georgia,OT,76.88,322,5.3,28,24.5,102,5.05,8.35,0,0,Y
2007,joe staley,Central Michigan,OT,77.88,306,4.78,27,,,,,0,0,Y
2007,cameron stephenson,Rutgers,OG,75.25,306,5.44,34,28.5,101,4.81,7.72,0,0,Y
2007,scott stephenson,Iowa State,C,75.3,297,5.23,21,29.5,99,4.57,7.62,0,0,N
2007,kasey studdard,Texas,OG,74.5,303,5.22,32,,,,,0,0,Y
2007,herb taylor,Texas Christian,OT,75.88,296,5.22,26,27,100,4.64,7.78,0,0,N
2007,tony ugoh,Arkansas,OT,77.25,301,5.08,32,32.5,117,,,0,0,Y
2007,dane uperesa,Hawaii,OT,76.38,309,5.28,,,,,,0,0,N
2007,elliot vallejo,UC-Davis,OT,79,327,5.42,24,26,94,5.14,7.95,0,0,N
2007,julius wilson,Alabama-Birmingham,OT,76.38,327,5.46,,27,103,5,8.33,0,0,N
2007,mansfield wrotto,Georgia Tech,OG,75,317,5.41,27,,92,4.92,8.34,0,0,Y
2008,branden albert,Virginia,OG,77.63,309,5.21,23,26,111,4.78,7.97,0,0,Y
2008,demetrius bell,Northwestern State (LA),OT,77,303,5.31,9,26.5,109,4.65,7.65,0,0,Y
2008,james blair,Western Michigan,OG,75,323,5.31,28,23.5,103,5.33,8.44,0,0,N
2008,duane brown,Virginia Tech,OT,76.13,315,5.09,24,27.5,105,4.52,7.58,0,0,Y
2008,gosder cherilus,Boston College,OT,78.38,314,5.19,24,23,102,4.82,7.6,0,0,Y
2008,corey clark,Texas A&M,OT,77.38,315,5.35,23,23,106,4.68,7.47,0,0,Y
2008,devin clark,New Mexico,OT,75.63,305,5.36,25,21,94,5.03,8.38,0,0,N
2008,anthony collins,Kansas,OT,77,317,5.59,26,22.5,97,4.87,7.71,0,0,Y
2008,oniel cousins,Texas-El Paso,OT,75.75,308,5.18,23,24.5,107,4.8,7.9,0,0,Y
2008,franklin dunbar,Middle Tennessee State,OT,76.75,327,5.63,27,24.5,101,5.18,8.36,0,0,N
2008,king dunlap,Auburn,OT,80.5,310,5.29,21,,,,,0,0,Y
2008,robert felton,Arkansas,OG,75.63,315,5.55,22,23,98,4.84,8.08,0,0,N
2008,breno giacomini,Louisville,OT,79.13,303,5.24,23,22.5,108,4.63,7.56,0,0,Y
2008,mike gibson,California,OG,75.5,305,5.3,31,27,110,4.64,7.21,0,0,N
2008,john greco,Toledo,OT,76.75,305,5.35,30,26,108,4.82,8.03,0,0,Y
2008,david hale,Weber State (UT),OT,77.75,314,5.3,25,26,100,4.75,7.69,0,0,Y
2008,brandon keith,Northern Iowa,OT,77.25,343,5.28,31,26,,,,0,0,Y
2008,kory lichtensteiger,Bowling Green (OH),C,74.25,298,5.28,,23,104,4.56,7.6,0,0,Y
2008,mike mcglynn,Pittsburgh,OG,76.25,311,5.41,30,23,101,4.72,7.58,0,0,N
2008,shawn murphy,Utah State,OG,75.88,320,5.4,29,21.5,100,4.89,7.74,0,0,Y
2008,carl nicks,Nebraska,OT,76.88,341,5.26,31,25.5,109,4.68,7.91,0,0,Y
2008,jeff otah,Pittsburgh,OT,78,322,5.57,27,22.5,102,,,0,0,Y
2008,mike pollak,Arizona State,C,75.5,301,5.05,29,25,110,4.47,7.49,0,0,Y
2008,tyler polumbus,Colorado,OT,79.5,312,5.35,24,26,112,4.86,7.71,0,0,N
2008,chilo rachal,Southern California,OG,77,315,5.26,28,25.5,108,5.14,8.01,0,0,Y
2008,drew radovich,Southern California,OG,76.5,301,5.38,21,23,108,4.53,7.47,0,0,N
2008,jamey richard,Buffalo,C,76.75,295,5.27,22,26.5,107,4.69,7.58,0,0,Y
2008,barry richardson,Clemson,OT,78.63,320,5.49,24,25.5,100,5.16,8,0,0,Y
2008,chad rinehart,Northern Iowa,OG,77,320,5.51,26,28.5,106,4.56,7.84,0,0,Y
2008,will robinson,San Diego State,OT,77,297,5.27,22,19.5,,,,0,0,N
2008,roy schuening,Oregon State,OG,75.63,306,5.32,26,25,,,,0,0,Y
2008,geoff schwartz,Oregon,OT,78.25,332,5.39,,20.5,98,4.79,7.9,0,0,Y
2008,matt spanos,Southern California,C,77,317,5.53,,22.5,104,4.92,7.9,0,0,N
2008,john sullivan,Notre Dame,C,75.5,301,5.4,21,30,103,4.55,7.62,0,0,Y
2008,donald thomas,Connecticut,OG,75.38,303,5.08,28,24.5,100,4.78,7.45,0,0,Y
2008,cody wallace,Texas A&M,C,76.3,296,5.32,26,30.5,113,4.55,7.45,0,0,Y
2008,chris williams,Vanderbilt,OT,78,315,5.15,21,25,103,4.85,7.95,0,0,Y
2008,jeremy zuttah,Rutgers,OT,75.4,303,5.07,35,26.5,107,4.54,7.59,0,0,Y
2009,william beatty,Connecticut,OT,78,307,5.06,27,33.5,107,4.77,7.62,0,0,Y
2009,joel bell,Furman (SC),OT,78.75,315,5.11,27,30,109,4.57,7.55,0,0,N
2009,alex boone,Ohio State,OT,79.25,328,5.16,33,27.5,103,4.69,7.83,0,0,N
2009,robert brewster,Ball State (IN),OT,76.13,325,5.29,23,30.5,98,4.75,7.68,0,0,Y
2009,travis bright,Brigham Young,OG,76.25,321,5.26,34,35.5,108,4.72,7.75,0,0,N
2009,eben britton,Arizona,OT,78,309,5.14,24,28.5,100,4.91,7.87,0,0,Y
2009,rob bruggeman,Iowa,C,76,293,5.05,30,,,,,0,0,N
2009,gerald cadogan,Penn State,OT,77.13,309,4.99,26,25,95,4.8,8.05,0,0,N
2009,trevor canfield,Cincinnati,OG,76.5,307,5.3,29,,,,,0,0,Y
2009,jon cooper,Oklahoma,C,73.88,291,5.09,31,29.5,105,4.6,7.46,0,0,N
2009,cj davis,Pittsburgh,OG,74,308,5.51,21,25.5,88,4.93,8.09,0,0,N
2009,paul fanaika,Arizona State,OG,77.13,327,5.48,15,,,,,0,0,Y
2009,ray feinga,Brigham Young,OG,76.13,337,5.32,30,,,,,0,0,N
2009,robby felix,Texas-El Paso,C,75.25,302,5.2,33,29,97,4.73,7.96,0,0,N
2009,alex fletcher,Stanford,C,74.25,297,5.39,30,28,96,4.65,7.78,0,0,N
2009,ramon foster,Tennessee,OT,77.13,328,5.57,20,26,92,4.98,7.96,0,0,N
2009,xavier fulton,Illinois,OT,76.25,302,5.01,27,31,111,4.56,7.35,0,0,Y
2009,juan garcia,Washington,OG,74.25,307,5.42,34,25,93,4.87,8,0,0,N
2009,dan gay,Baylor,OG,75.88,308,5.5,18,22.5,86,5.42,8.67,0,0,N
2009,tyronne green,Auburn,OG,73.75,309,5.4,22,,,,,0,0,Y
2009,brett helms,Louisiana State,C,74,286,5.36,25,,,,,0,0,N
2009,greg isdaner,West Virginia,OG,75.5,325,5.42,24,27,92,5.07,7.96,0,0,N
2009,herman johnson,Louisiana State,OG,79,356,5.5,21,,,,,0,0,Y
2009,andy kemp,Wisconsin,OG,76.75,313,5.48,23,25.5,91,4.86,7.86,0,0,N
2009,troy kropog,Tulane (LA),OT,77.38,309,5.3,21,30,100,4.84,7.65,0,0,Y
2009,andy levitre,Oregon State,OG,74.63,305,5.33,23,30.5,103,4.52,,0,0,Y
2009,cornelius lewis,Tennessee State,OT,75.5,332,5.22,29,24.5,90,,,0,0,N
2009,kyle link,McNeese State (LA),OT,77.38,305,5.48,19,,,,,0,0,N
2009,phil loadholt,Oklahoma,OT,79.75,332,5.49,24,29,95,5.06,8.18,0,0,Y
2009,jamon meredith,South Carolina,OT,76.63,304,4.99,31,28,105,4.82,8.01,0,0,Y
2009,maurice miller,Mississippi,OG,75.13,327,5.44,21,28.5,97,5.03,8.42,0,0,N
2009,eugene monroe,Virginia,OT,77.25,309,5.18,23,28.5,110,4.78,7.86,0,0,Y
2009,lydon murtha,Nebraska,OT,79,306,4.82,25,35,110,4.34,7.06,0,0,Y
2009,seth olsen,Iowa,OG,76.63,306,5.23,23,24.5,90,4.7,7.59,0,0,Y
2009,anthony parker,Tennessee,OG,73.88,297,5.08,24,,,,,0,0,N
2009,augustus parrish,Kent State (OH),OT,76,303,5.35,21,,78,,,0,0,N
2009,garrett reynolds,North Carolina,OT,79.63,309,5.4,19,22,94,4.88,7.87,0,0,Y
2009,jason smith,Baylor,OT,77,309,5.09,33,24,96,4.69,7.53,0,0,Y
2009,jaimie thomas,Maryland,OG,76,323,5.29,20,,,,,0,0,Y
2009,fenuki tupou,Oregon,OT,77.38,314,5.4,24,25.5,94,5.02,8.33,0,0,Y
2009,max unger,Oregon,C,76.63,309,5.26,22,24.5,93,4.5,7.39,0,0,Y
2009,kraig urbik,Wisconsin,OG,77.13,328,5.37,29,24,94,4.89,7.87,0,0,Y
2009,jose valdez,Arkansas,OT,76.38,315,5.23,15,29.5,100,4.93,7.93,0,0,N
2009,louis vasquez,Texas Tech,OG,76.75,333,5.22,39,,,,,0,0,Y
2009,brandon walker,Oklahoma,OG,75,306,5.09,26,34,109,5.07,,0,0,N
2009,jason watkins,Florida,OT,78,318,5.51,18,24.5,90,5.03,7.89,0,0,N
2009,edwin williams,Maryland,C,74.25,308,5.4,22,28.5,99,4.98,8.15,0,0,N
2009,eric wood,Louisville,C,76,310,5.19,30,30.5,99,4.51,7.56,0,0,Y
2010,zane beadles,Utah,OG,76.38,310,5.28,27,,,,,0,0,Y
2010,ciron black,Louisiana State,OG,76.5,327,5.53,23,25.5,,5.13,8.52,0,0,N
2010,dorian brooks,James Madison (VA),OG,74.25,306,5.15,26,23,100,4.66,7.73,0,0,N
2010,charles brown,Southern California,OT,77.38,303,5.24,21,31.5,,,,0,0,Y
2010,bryan bulaga,Iowa,OT,77.38,314,5.2,26,27.5,98,4.75,7.7,0,0,Y
2010,jeff byers,Southern California,C,75.38,301,5.04,33,,,,,0,0,N
2010,kyle calloway,Iowa,OT,78.5,323,5.46,22,23.5,,4.86,7.96,0,0,Y
2010,bruce campbell,Maryland,OT,78.38,314,4.75,34,32,101,4.69,7.58,0,0,Y
2010,selvish capers,West Virginia,OT,76.63,308,5.11,19,30.5,106,4.68,7.68,0,0,Y
2010,erik cook,New Mexico,C,78,318,5.55,19,25,,4.99,8.24,0,0,Y
2010,anthony davis,Rutgers,OT,77,323,5.36,21,33,,4.97,8.17,0,0,Y
2010,chris degeare,Wake Forest,OG,75.63,325,5.12,27,32.5,103,4.9,7.84,0,0,Y
2010,vladimir ducasse,Massachusetts,OT,76.38,332,5.21,29,26,91,4.97,8.25,0,0,Y
2010,jason fox,Miami (FL),OT,79,305,5.42,23,,,,,0,0,Y
2010,kurtis gregory,Missouri,OG,76.5,305,5.31,26,25.5,,4.93,7.62,0,0,N
2010,joe hawley,Nevada Las Vegas,C,75.25,297,5.21,35,26,105,4.73,7.5,0,0,N
2010,john jerry,Mississippi,OT,77.38,328,5.15,,27.5,101,4.69,7.93,0,0,Y
2010,kyle jolly,North Carolina,OT,78,311,5.36,20,21.5,,4.87,7.89,0,0,N
2010,ted larsen,North Carolina State,C,74.63,304,5.19,26,24,96,4.66,7.81,0,0,Y
2010,shawn lauvao,Arizona State,OG,74.88,315,5.22,33,26.5,101,4.51,7.56,0,0,Y
2010,marshall newhouse,Texas Christian,OG,75.75,319,4.99,25,25,97,4.6,7.4,0,0,Y
2010,eric olsen,Notre Dame,C,75.88,306,5.25,35,29.5,93,4.82,7.5,0,0,Y
2010,alex parsons,Southern California,OG,76,309,5.12,23,27,99,,,0,0,N
2010,cole pemberton,Colorado State,OT,79.25,315,5.37,18,22.5,,4.77,7.65,0,0,N
2010,mitch petrus,Arkansas,OG,75,310,5.34,45,,,,,0,0,Y
2010,dace richardson,Iowa,OG,77.25,320,5.76,19,23.5,,5.38,8.58,0,0,N
2010,rodger saffold,Indiana,OT,76.63,316,5.21,27,29.5,113,4.67,7.42,0,0,Y
2010,chris scott,Tennessee,OG,76.63,319,5.52,19,22.5,,5.03,8.24,0,0,Y
2010,shelley smith,Colorado State,OG,74.88,300,5.03,26,34,112,4.71,7.67,0,0,Y
2010,matt tennant,Boston College,C,76.63,300,5.15,27,25,98,4.62,7.6,0,0,Y
2010,mike tepper,California,OG,77.5,324,5.31,28,26.5,,5.25,7.95,0,0,N
2010,adam ulatoski,Texas,OG,78,300,5.52,24,26,,4.99,7.98,0,0,N
2010,jared veldheer,Hillsdale (MI),OT,80.13,312,5.06,32,33.5,109,4.51,7.4,0,0,Y
2010,jd walton,Baylor,C,75,300,5.19,24,27,101,4.69,7.6,0,0,Y
2010,ed wang,Virginia Tech,OT,76.75,314,5.18,29,27,96,4.7,,0,0,N
2010,tony washington,Abilene Christian (TX),OT,78.13,311,5.25,33,29.5,114,4.84,7.52,0,0,N
2010,thomas welch,Vanderbilt,OT,78.38,307,5.42,29,29,105,4.8,7.67,0,0,Y
2010,sam young,Notre Dame,OT,80,316,5.2,29,29.5,104,4.87,7.73,0,0,Y
2011,david arkin,Missouri State,OG,76.75,300,5.31,25,29,103,4.63,7.6,0,0,N
2011,joseph barksdale,Louisiana State,OT,76.75,325,5.31,29,29,103,4.75,8.27,0,0,Y
2011,ryan bartholomew,Syracuse,C,73.13,302,4.93,34,26.5,92,4.62,7.62,0,0,N
2011,clint boling,Georgia,OG,76.63,308,5.28,28,31,102,4.64,7.66,0,0,Y
2011,justin boren,Ohio State,OG,74.88,309,5.4,28,,,4.75,7.57,0,0,N
2011,james brewer,Indiana,OT,78.25,323,5.21,25,26,100,4.81,7.84,0,0,Y
2011,marcus cannon,Texas Christian,OT,77,358,5.26,33,30.5,105,4.97,8.07,0,0,Y
2011,james carpenter,Alabama,OT,76.38,321,5.22,23,,,,,0,0,Y
2011,anthony castonzo,Boston College,OT,79,311,5.21,28,29.5,105,4.4,7.25,0,0,Y
2011,josh davis,Georgia,OT,79.13,313,5.5,,24,91,5.07,7.98,0,0,N
2011,ray dominguez,Arkansas,OG,76,334,5.45,21,27.5,90,4.9,7.74,0,0,N
2011,orlando franklin,Miami (FL),OT,77.5,316,5.11,26,28.5,,,,0,0,Y
2011,brandon fusco,Slippery Rock (PA),C,76,306,5.18,26,28.5,108,4.43,7.29,0,0,Y
2011,marcus gilbert,Florida,OT,78.13,330,5.41,30,,,,,0,0,Y
2011,adam grant,Arizona,OT,78,325,5.54,25,26.5,99,5,8.25,0,0,N
2011,chris hairston,Clemson,OT,78.13,326,5.38,33,29,96,4.7,7.9,0,0,Y
2011,ricky henry,Nebraska,OG,74.75,308,5.68,20,24,90,4.68,7.98,0,0,N
2011,kyle hix,Texas,OT,78.88,319,5.44,24,32,104,4.78,7.77,0,0,N
2011,kevin hughes,Southeast Louisiana,OT,75.63,302,5.31,22,29.5,95,4.97,8.29,0,0,N
2011,zach hurd,Connecticut,OG,78.75,316,5.28,,28,101,4.77,7.73,0,0,N
2011,maurice hurt,Florida,OG,74.63,318,5.34,18,,,,,0,0,Y
2011,andrew jackson,Frenso State (CA),OG,77,299,5.27,25,28,98,4.65,7.55,0,0,Y
2011,carl johnson,Florida,OG,77,361,5.4,25,25.5,96,5.03,,0,0,N
2011,jason kelce,Cincinnati,C,74.63,280,4.89,,30.5,110,4.14,7.22,0,0,Y
2011,daniel kilgore,Appalachian State (NC),OG,75.25,308,5.28,23,32.5,105,4.68,7.59,0,0,Y
2011,jarriel king,South Carolina,OT,77,317,5.03,23,30,114,4.77,7.6,0,0,N
2011,alex linnenkohl,Oregon State,C,73.75,304,5.36,24,26.5,89,4.62,7.67,0,0,N
2011,demarcus love,Arkansas,OT,76.38,315,5.18,27,26.5,97,4.84,7.84,0,0,Y
2011,john moffitt,Wisconsin,OG,76.25,319,5.51,23,30.5,102,4.53,7.79,0,0,Y
2011,derek newton,Arkansas State,OT,76.88,311,5,24,25.5,100,5,7.76,0,0,Y
2011,kris odowd,Southern California,C,76.13,304,5.12,31,32.5,105,4.59,7.67,0,0,N
2011,michael person,Montana State,OG,76.5,299,5.07,21,28,108,4.5,7.44,0,0,Y
2011,jason pinkston,Pittsburgh,OT,75.38,317,5.39,,26.5,98,4.91,7.88,0,0,Y
2011,mike pouncey,Florida,OG,77,303,5.12,,25,96,4.64,7.66,0,0,Y
2011,will rackley,Lehigh (PA),OG,75.25,309,5.27,29,23.5,,4.94,7.91,0,0,N
2011,jah reid,Central Florida,OT,79.13,327,5.32,28,29.5,111,4.65,7.73,0,0,Y
2011,stephen schilling,Michigan,OG,76.25,308,5.18,30,25.5,98,4.62,7.73,0,0,Y
2011,derek sherrod,Mississippi State,OT,77.38,321,5.18,23,28,97,4.63,7.43,0,0,Y
2011,tyron smith,Southern California,OT,77,307,5.08,29,,,,,0,0,Y
2011,willie smith,East Carolina (NC),OT,77.38,310,5.4,,30.5,106,4.83,7.95,0,0,N
2011,zane taylor,Utah,C,74.5,309,5.52,33,25.5,104,4.77,8.15,0,0,N
2011,isaiah thompson,Houston,OG,75.38,300,6,23,25,82,5.56,9.04,0,0,N
2011,julian vandervelde,Iowa,OG,73.88,301,5.12,23,31,104,4.59,7.46,0,0,N
2011,danny watkins,Baylor,OG,75.38,310,5.36,29,26,92,4.62,7.61,0,0,Y
2011,keith williams,Nebraska,OG,76,318,5.28,23,24.5,93,5.03,8.42,0,0,Y
2011,zach williams,Washington State,C,75,309,5.18,28,30,103,4.62,7.54,0,0,Y
2011,stefen wisniewski,Penn State,C,75,313,5.29,30,28.5,100,4.63,7.51,0,0,Y
2012,mike adams,Ohio State,OT,79.25,323,5.28,19,28.5,100,4.95,7.94,0,0,Y
2012,jeff allen,Illinois,OT,75.88,307,5.17,26,27.5,102,4.9,8.01,0,0,Y
2012,justin anderson,Georgia,OT,76.38,335,5.24,32,27,101,4.99,8.04,0,0,Y
2012,mark asper,Oregon,OG,78.38,319,5.33,23,,,,,0,0,Y
2012,kelvin beachum,Southern Methodist (TX),OG,74.88,303,5.38,19,28.5,101,4.8,7.79,0,0,Y
2012,tony bergstrom,Utah,OT,77.38,313,5.19,32,29.5,101,4.84,7.95,0,0,Y
2012,philip blake,Baylor,C,74.75,311,5.17,22,29.5,105,4.65,7.86,0,0,Y
2012,michael brewster,Ohio State,C,76.13,312,5.22,29,25,96,4.6,7.73,0,0,N
2012,brandon brooks,Miami (OH),OG,77,346,4.99,,,,,,0,0,Y
2012,james brown,Troy (AL),OG,75.5,306,5.19,24,25.5,102,4.78,7.7,0,0,N
2012,tom compton,South Dakota,OT,76.88,314,5.01,20,30,108,4.6,7.59,0,0,Y
2012,paul cornick,North Dakota State,OT,77.5,310,5.3,25,,,,,0,0,N
2012,john cullen,Utah,OT,76.5,297,5.28,23,27,102,4.59,7.58,0,0,N
2012,andrew datko,Florida State,OT,78,315,5.19,,29.5,100,4.54,7.71,0,0,Y
2012,taylor dever,Notre Dame,OT,77.38,298,5.4,18,28,100,4.9,7.49,0,0,N
2012,garth gerhart,Arizona State,C,73.25,305,5.38,25,30.5,96,4.65,7.63,0,0,N
2012,adam gettis,Iowa,OG,74.38,293,4.9,,31.5,112,4.65,7.99,0,0,Y
2012,cordy glenn,Georgia,OT,77.75,345,5.08,31,23.5,93,5,8.13,0,0,Y
2012,josh harris,Auburn,C,73,252,4.82,15,,,,,0,0,N
2012,lamar holmes,Southern Mississippi,OT,77.38,323,5.29,22,27,104,4.8,7.74,0,0,Y
2012,rishaw johnson,California (PA),OG,75.38,313,5.12,22,31.5,108,4.53,7.87,0,0,N
2012,ben jones,Georgia,C,74.63,303,5.35,29,30.5,105,4.74,7.95,0,0,Y
2012,marcel jones,Nebraska,OT,78.13,320,5.57,13,27.5,95,5.12,8.03,0,0,Y
2012,matt kalil,Southern California,OT,78.63,306,4.96,30,27,,4.65,7.33,0,0,Y
2012,senio kelemete,Washington,OG,75.63,307,5.39,21,25,101,4.58,7.77,0,0,Y
2012,peter konz,Wisconsin,C,77,314,5.16,18,,,,,0,0,Y
2012,ronald leary,Memphis,OG,74.88,315,5.23,30,29,104,4.91,7.87,0,0,N
2012,josh leribeus,Southern Methodist (TX),OG,75.25,312,5.31,29,26,96,4.65,7.64,0,0,Y
2012,joe looney,Wake Forest,OG,75.25,309,5.02,26,,,,,0,0,Y
2012,jonathan martin,Stanford,OT,77.38,312,5.35,,,,,,0,0,Y
2012,bobby massie,Mississippi,OT,78.13,316,5.18,22,27.5,103,4.95,7.7,0,0,Y
2012,matt mccants,Alabama-Birmingham,OT,77.88,308,5.4,17,25.5,97,,,0,0,Y
2012,antoine mcclain,Clemson,OG,77.5,329,5.48,19,27,91,4.82,8.13,0,0,N
2012,ryan miller,Colorado,OG,79.25,321,5.16,32,28,100,4.78,7.72,0,0,Y
2012,brandon mosley,Auburn,OT,77.63,314,5.14,30,27,103,4.78,7.43,0,0,Y
2012,lucas nix,Pittsburgh,OG,77.25,317,5.36,,29.5,102,4.9,7.81,0,0,N
2012,josh oglesby,Wisconsin,OT,79.25,338,5.75,22,28.5,,,,0,0,N
2012,kelechi osemele,Iowa State,OT,77.5,333,5.22,32,26.5,104,4.87,7.91,0,0,Y
2012,riley reiff,Iowa,OT,77.75,313,5.16,23,26.5,98,4.75,7.87,0,0,Y
2012,matt reynolds,Brigham Young,OT,76.5,302,5.27,25,,,,,0,0,N
2012,zebrie sanders,Florida State,OT,77.63,320,5.33,28,27,100,4.99,8.15,0,0,Y
2012,quentin saulsberry,Mississippi State,C,74,304,5.28,26,22,90,4.99,8.19,0,0,N
2012,mitchell schwartz,California,OT,77.38,318,5.38,23,26.5,89,4.87,7.86,0,0,Y
2012,amini silatolu,Midwestern State (TX),OG,75.63,311,5.33,28,31.5,107,4.87,7.95,0,0,Y
2012,donald stephenson,Oklahoma,OT,77.5,312,4.94,19,35.5,114,4.78,7.52,0,0,Y
2012,andrew tiller,Syracuse,OG,76.38,324,5.44,16,23,85,4.8,7.92,0,0,Y
2012,johnnie troutman,Penn State,OG,75.88,325,5.52,31,27.5,,5,7.96,0,0,Y
2012,dustin waldron,Portland State (OR),OT,77,305,5.23,29,26,103,4.75,7.93,0,0,N
2012,brandon washington,Miami (FL),OG,74.88,320,5.14,28,25,101,4.87,8.22,0,0,Y
2012,rokevious watkins,South Carolina,OG,75.75,338,5.29,,27,102,4.9,7.87,0,0,Y
2012,desmond wynn,Rutgers,OG,77.5,303,4.98,28,32.5,,,,0,0,N
2012,kevin zeitler,Wisconsin,OG,76,314,5.32,32,29,101,4.61,7.77,0,0,Y
2012,markus zusevics,Iowa,OT,77,303,5.08,,,,,,0,0,N
2013,oday aboushi,Virginia,OT,77.38,308,5.45,17,23.5,100,4.84,7.92,0,0,Y
2013,zach allen,North Carolina State,OG,73.75,332,5.43,32,,,,,0,0,N
2013,terron armstead,Arkansas-Pine Bluff,OT,76.75,306,4.71,31,34.5,112,4.72,7.62,0,0,Y
2013,jeff baca,UCLA,OG,75.38,302,5.03,,26.5,,4.44,7.26,0,0,Y
2013,alvin bailey,Arkansas,OG,75.13,312,4.95,27,,,,,0,0,N
2013,david bakhtiari,Colorado,OT,76.25,299,5.18,28,25.5,101,4.74,7.7,0,0,Y
2013,chris barker,Nevada,OG,74.63,305,5.25,29,27.5,99,4.77,8.09,0,0,N
2013,nick becton,Virginia Tech,OT,77.25,323,5.2,19,29.5,109,4.57,7.77,0,0,N
2013,travis bond,North Carolina,OG,77.88,329,5.27,22,22.5,98,4.96,7.85,0,0,Y
2013,braden brown,Brigham Young,OT,77.38,310,5.2,26,28,100,4.7,7.43,0,0,N
2013,braxston cave,Notre Dame,C,75.25,303,5.33,,25.5,98,4.71,7.81,0,0,N
2013,emmett cleary,Boston College,OT,78.88,316,5.21,24,28.5,108,4.7,7.81,0,0,N
2013,jordan devey,Memphis,OT,78.63,317,5.25,21,24,98,4.77,7.91,0,0,N
2013,chris faulk,Louisiana State,OT,77.5,331,5.08,25,,,,,0,0,N
2013,eric fisher,Central Michigan,OT,79.25,306,5.05,27,28.5,116,4.44,7.59,0,0,Y
2013,dj fluker,Alabama,OT,76.63,339,5.31,21,,,,,0,0,Y
2013,manase foketi,West Texas A&M,OT,76.75,318,5.3,25,23.5,102,5.06,8.11,0,0,N
2013,reid fragel,Ohio State,OT,79.63,308,5.14,33,30,113,4.68,7.62,0,0,Y
2013,travis frederick,Wisconsin,C,75.63,312,5.58,21,28.5,97,4.76,7.81,0,0,Y
2013,rogers gaines,Tennessee State,OT,78.25,334,5.24,28,23,,5.24,,0,0,N
2013,garrett gilkey,Chadron State (NE),OG,77.88,318,5.33,28,30,108,4.75,7.65,0,0,Y
2013,tanner hawkinson,Kansas,OT,77.25,298,5.07,,28.5,112,4.51,7.52,0,0,Y
2013,eric herman,Ohio,OG,76.13,320,5.25,36,28,95,5.09,7.99,0,0,Y
2013,mark jackson,Glenville State (WV),OG,77.38,328,5.65,20,20.5,91,5.03,8.07,0,0,N
2013,lane johnson,Oklahoma,OT,78,303,4.72,28,34,118,4.52,7.31,0,0,Y
2013,oscar johnson,Louisiana Tech,OT,77.25,331,5.49,,22,88,5.06,8.06,0,0,N
2013,tj johnson,South Carolina,C,76.25,310,5.33,32,25.5,96,4.74,7.83,0,0,Y
2013,jamaal johnsonwebb,Alabama A&M,OG,77,313,5.37,17,23,92,4.74,8.12,0,0,N
2013,edmond kugbila,Valdosta State (GA),OG,76.13,317,5.31,23,22.2,105,4.65,7.72,0,0,N
2013,pj lonergan,Louisiana State,C,75.25,304,5.38,25,,,,,0,0,N
2013,kyle long,Oregon,OT,78.13,313,4.94,,28,107,4.63,7.83,0,0,Y
2013,joe madsen,West Virginia,C,75.38,310,5.2,25,25,98,4.83,7.6,0,0,N
2013,lamar mady,Youngstown State (OH),OG,74,317,5.48,35,23,95,4.82,8.07,0,0,N
2013,luke marquardt,Azusa Pacific (CA),OT,80.5,315,5.34,31,,,,,0,0,N
2013,stephane milhim,Massachusetts,OT,75.75,314,5.23,,28.5,104,4.87,,0,0,N
2013,jordan mills,Louisiana Tech,OT,77,316,5.37,20,28.5,101,4.88,8.1,0,0,Y
2013,vinston painter,Virginia Tech,OT,76.25,306,4.95,32,30.5,97,4.56,7.71,0,0,Y
2013,justin pugh,Syracuse,OG,76.5,307,5.14,,28.5,103,4.63,7.45,0,0,Y
2013,david quessenberry,San Jose State,OT,76.88,302,5.08,25,29.5,112,4.45,7.49,0,0,Y
2013,brian schwenke,California,C,75,314,4.99,31,26.5,108,4.74,7.31,0,0,Y
2013,matt stankiewitch,Penn State,C,75,302,5.43,27,24,92,4.96,7.9,0,0,N
2013,hugh thornton,Illinois,OG,75.25,320,5.11,27,,,4.63,7.45,0,0,Y
2013,jc tretter,Cornell (NY),OG,75.63,307,5.09,29,29.5,109,4.69,7.48,0,0,Y
2013,ricky wagner,Wisconsin,OT,77.88,308,5.17,20,31.5,101,4.91,7.94,0,0,Y
2013,larry warford,Kentucky,OG,75,332,5.58,28,22.5,96,5.1,7.78,0,0,Y
2013,earl watford,James Madison (VA),OG,75.38,300,5.06,24,30,107,5,7.77,0,0,Y
2013,menelik watson,Florida State,OT,77.13,310,5.29,,24.5,103,5.01,8.31,0,0,Y
2013,jason weaver,Southern Mississippi,OT,76.38,313,5.44,23,21,94,5.07,8.23,0,0,N
2013,john wetzel,Boston College,OT,79,315,5.46,22,25,105,4.81,7.9,0,0,N
2014,joel bitonio,Nevada,OT,76.25,302,4.97,22,32,113,4.44,7.37,0,0,Y
2014,russell bodine,North Carolina,OG,75.13,310,5.18,42,29,109,4.66,8.26,0,0,Y
2014,conor boffeli,Iowa,OG,76.13,298,5.3,21,25,101,4.61,7.44,0,0,N
2014,justin britt,Missouri,OT,77.88,325,5.19,23,23,99,4.69,8.14,0,0,Y
2014,dakota dozier,Furman (SC),OG,75.63,313,5.42,23,24,100,4.89,8.14,0,0,Y
2014,kadeem edwards,Tennessee State,OG,76.25,313,5.25,26,27,99,4.82,7.95,0,0,Y
2014,matt feiler,Bloomsburg,OT,77.88,330,5.37,36,26.5,102,4.86,8.13,0,0,N
2014,cameron fleming,Stanford,OT,76.88,323,5.28,26,23.5,97,5,8.24,0,0,Y
2014,zach fulton,Tennessee,OG,76.63,316,5.16,25,24.5,98,5.16,7.87,0,0,Y
2014,ryan groy,Wisconsin,OG,76.63,316,5.19,26,26.5,108,4.47,7.49,0,0,N
2014,jon halapio,Florida,OG,75.5,323,5.34,,21.5,99,4.83,8.26,0,0,Y
2014,jonotthan harrison,Florida,C,75.5,304,5.15,27,27,112,4.86,7.97,0,0,N
2014,seantrel henderson,Miami (FL),OT,79.13,331,5.04,,24,93,4.77,8.15,0,0,Y
2014,gabe jackson,Mississippi State,OG,75.25,336,5.34,30,29,108,4.78,8.25,0,0,Y
2014,jawuan james,Tennessee,OT,78,311,5.34,22,29,102,4.56,7.42,0,0,Y
2014,wesley johnson,Vanderbilt,OT,77.38,297,5.11,26,29,111,4.64,7.4,0,0,Y
2014,cyrus kouandjio,Alabama,OT,78.75,322,5.59,21,27.5,96,4.84,7.71,0,0,Y
2014,tyler larsen,Utah State,C,75.63,313,5.17,36,23.5,101,4.7,8.22,0,0,N
2014,charles leno,Boise State,OT,75.88,303,5.21,21,29,108,4.4,7.57,0,0,N
2014,taylor lewan,Michigan,OT,79.13,309,4.87,29,30.5,116,4.49,7.39,0,0,Y
2014,brandon linder,Miami (FL),OG,77.63,311,5.35,30,26.5,99,,,0,0,Y
2014,corey linsley,Ohio State,C,74.63,296,5.24,36,27,,,,0,0,Y
2014,marcus martin,Southern California,C,75.38,320,5.38,23,,,,,0,0,Y
2014,zack martin,Notre Dame,OT,76.25,308,5.22,29,28,104,4.59,7.65,0,0,Y
2014,jake matthews,Texas A&M,OT,77.5,308,5.07,24,30.5,104,4.47,7.34,0,0,Y
2014,jack mewhort,Ohio State,OT,78,309,5.37,28,26,100,4.64,7.79,0,0,Y
2014,morgan moses,Virginia,OT,78,314,5.35,,21.5,104,4.95,7.93,0,0,Y
2014,matt paradis,Boise State,C,74.63,306,5.34,23,26,102,4.46,7.6,0,0,Y
2014,matt patchan,Boston College,OT,78.25,302,4.97,22,33.5,,,,0,0,N
2014,antonio richardson,Tennessee,OT,77.75,336,5.3,36,24.5,,,,0,0,N
2014,cyril richardson,Baylor,OG,76.75,329,5.36,25,25.5,90,4.83,7.7,0,0,Y
2014,weston richburg,Colorado State,C,75.38,298,5.1,25,25.5,104,4.63,7.93,0,0,Y
2014,greg robinson,Auburn,OT,77,332,4.92,32,28.5,112,4.86,7.8,0,0,Y
2014,michael schofield,Michigan,OT,78.5,301,5.01,,24,92,4.57,7.62,0,0,Y
2014,james stone,Tennessee,C,75.63,306,5.17,22,27.5,104,4.63,8.16,0,0,N
2014,xavier suafilo,UCLA,OG,76.13,307,5.04,25,25,101,4.44,7.6,0,0,Y
2014,travis swanson,Arkansas,C,77,312,5.28,20,26,93,4.65,7.73,0,0,Y
2014,brandon thomas,Clemson,OG,75.25,317,5.09,35,29,98,4.83,8.13,0,0,Y
2014,billy turner,North Dakota State,OT,77,315,5.16,25,28,108,4.71,7.92,0,0,Y
2014,trai turner,Louisiana State,OG,74.63,310,4.93,25,27.5,,,,0,0,Y
2014,john urschel,Penn State,OG,75,313,5.31,30,29,101,4.47,7.55,0,0,Y
2014,chris watt,Notre Dame,OG,74.63,310,5.5,29,,,,,0,0,Y
2014,david yankey,Stanford,OG,78,315,5.48,22,28.5,102,4.86,7.81,0,0,Y
2015,al bond,Memphis,OG,75.75,303,5.57,22,23.5,90,4.65,7.9,0,0,N
2015,brett boyko,Nevada Las Vegas,OG,78.63,301,5.6,,25,103,4.75,7.91,0,0,N
2015,jamon brown,Louisville,OT,75.63,323,5.44,,,,,,0,0,Y
2015,cameron clear,Texas A&M,OT,77.38,277,4.98,,32,108,4.48,7.52,0,0,N
2015,takoby cofield,Duke,OT,76.25,310,5.19,23,30,101,4.79,8.09,0,0,N
2015,rob crisp,North Carolina State,OT,78.63,301,5.26,26,32.5,107,4.6,8.07,0,0,N
2015,andrew donnal,Iowa,OT,77.88,313,5.31,17,32,101,4.77,7.84,0,0,Y
2015,jamil douglas,Arizona State,OG,76,304,5.25,28,29,99,4.75,7.99,0,0,Y
2015,cameron erving,Florida State,C,77.5,313,5.15,30,30.5,112,4.63,7.48,0,0,Y
2015,tayo fabuluje,Texas Christian,OG,78.38,353,5.55,,29.5,,4.77,,0,0,Y
2015,jon feliciano,Miami (FL),OG,75.88,323,5.33,,26.5,97,4.74,,0,0,Y
2015,jake fisher,Oregon,OT,78.13,306,5.01,25,32.5,,4.33,7.25,0,0,Y
2015,ereck flowers,Miami (FL),OT,78.25,329,5.31,37,,,,,0,0,Y
2015,andy gallik,Boston College,C,74.38,306,5.5,29,27,96,4.58,7.66,0,0,Y
2015,max garcia,Florida,C,76.13,309,5.24,,,,,,0,0,Y
2015,laurence gibson,Virginia Tech,OT,77.75,305,5.04,24,33.5,113,4.56,7.72,0,0,Y
2015,mark glowinski,West Virginia,OG,76.38,307,5.2,31,29.5,113,4.58,7.56,0,0,Y
2015,hroniss grasu,Oregon,C,75,297,5.12,,,,,,0,0,Y
2015,chaz green,Florida,OT,76.63,314,5.16,21,29.5,106,4.7,8,0,0,Y
2015,chad hamilton,Coastal Carolina (SC),OG,74,292,5.27,,,,,,0,0,N
2015,jarvis harrison,Texas A&M,OG,76.13,330,5.19,26,29.5,102,4.62,7.51,0,0,Y
2015,bobby hart,Florida State,OG,76.75,329,5.46,,,,,,0,0,Y
2015,rob havenstein,Wisconsin,OT,79.38,321,5.46,16,28.5,96,4.87,8.28,0,0,Y
2015,sean hickey,Syracuse,OT,77.38,309,5.14,35,,,,,0,0,N
2015,tre jackson,Florida State,OG,75.75,330,5.52,,25,96,,,0,0,Y
2015,arie kouandjio,Alabama,OG,76.75,310,5.43,,,,,,0,0,Y
2015,greg mancz,Toledo,C,76,301,5.08,,,,,,0,0,N
2015,ali marpet,Hobart & William Smith (NY),OG,75.88,307,4.98,30,30.5,108,4.47,7.33,0,0,Y
2015,josue matias,Florida State,OG,77.5,309,5.52,,17.5,84,5.12,8.19,0,0,N
2015,darrian miller,Kentucky,OT,76.88,307,5.51,,25,97,4.87,7.91,0,0,N
2015,john miller,Louisville,OG,74.5,303,5.33,29,27,104,4.75,8.2,0,0,Y
2015,mitch morse,Missouri,OG,77.38,305,5.14,36,31,112,4.5,7.6,0,0,Y
2015,robert myers,Tennessee State,OG,76.75,326,5.44,,27.5,94,4.91,8.1,0,0,Y
2015,cedric ogbuehi,Texas A&M,OT,77.25,306,4.98,23,,,,,0,0,Y
2015,andrus peat,Stanford,OT,78.88,313,5.18,,31,105,4.62,8.01,0,0,Y
2015,terry poole,San Diego State,OT,76.75,307,5.09,25,31,113,4.66,7.9,0,0,Y
2015,jeremiah poutasi,Utah,OG,77.13,335,5.32,26,26.5,95,4.89,8.09,0,0,Y
2015,corey robinson,South Carolina,OT,78.63,324,5.33,28,,,,,0,0,Y
2015,ty sambrailo,Colorado State,OT,77.88,311,5.36,23,29,97,4.58,7.54,0,0,Y
2015,adam shead,Oklahoma,OG,75.63,338,5.74,26,,,,,0,0,N
2015,austin shepherd,Alabama,OT,76.38,315,5.39,17,29,94,4.7,8.04,0,0,Y
2015,donovan smith,Penn State,OT,77.63,338,5.27,26,32,109,4.79,7.95,0,0,Y
2015,tyrus thompson,Oklahoma,OT,76.88,324,5.16,29,29,97,4.92,,0,0,Y
2015,daryl williams,Oklahoma,OT,77,327,5.34,27,26,97,5.15,,0,0,Y
2016,vadal alexander,Louisiana State,OG,77.25,326,5.57,25,24,95,4.9,8.04,0,0,Y
2016,jack allen,Michigan State,C,73.25,294,5.29,23,26.5,101,4.73,7.9,0,0,N
2016,willie beavers,Western Michigan,OT,76.63,321,5.28,20,25.5,103,4.71,7.96,0,0,Y
2016,caleb benenoch,UCLA,OT,77.5,311,4.98,,28,104,5.11,8.15,0,0,Y
2016,austin blythe,Iowa,C,74.13,298,5.36,29,27.5,99,4.53,7.52,0,0,Y
2016,evan boehm,Missouri,C,74.13,302,5.33,24,28.5,96,4.69,7.52,0,0,Y
2016,jake brendel,UCLA,C,76.13,303,5.01,25,28,108,4.27,7.31,0,0,N
2016,joseph cheek,Texas A&M,OG,78,295,,20,,,,,0,0,N
2016,leraven clark,Texas Tech,OT,77.25,316,5.16,18,,,,,0,0,Y
2016,shon coleman,Auburn,OT,77.5,307,,22,,,,,0,0,Y
2016,jack conklin,Michigan State,OT,77.75,308,5,25,30,103,4.57,7.63,0,0,Y
2016,fahn cooper,Mississippi,OT,76.5,303,5.17,19,25,102,4.89,7.85,0,0,Y
2016,joe dahl,Washington State,OG,76.13,304,5.18,28,31,109,4.77,7.64,0,0,Y
2016,parker ehinger,Cincinnati,OG,78.25,310,5.26,,27.5,97,,,0,0,Y
2016,graham glasgow,Michigan,OG,77.88,307,5.13,23,25,106,4.63,7.63,0,0,Y
2016,darrell greene,San Diego State,OG,74.75,321,5.2,28,21.5,98,4.98,8.07,0,0,N
2016,joe haeg,North Dakota State,OT,78,304,5.16,,27.5,111,4.47,7.47,0,0,Y
2016,jerald hawkins,Louisiana State,OT,77.63,305,5.23,23,23.5,100,4.89,8.19,0,0,Y
2016,germain ifedi,Texas A&M,OT,77.75,324,5.27,24,32.5,109,4.75,,0,0,Y
2016,dominick jackson,Alabama,OT,77,313,,20,26,97,,,0,0,N
2016,tyler johnstone,Oregon,OT,77.5,301,5.21,24,30.5,104,4.6,7.31,0,0,N
2016,nila kasitati,Oklahoma,OG,75.25,317,5.32,12,27.5,107,4.83,8.3,0,0,N
2016,denver kirkland,Arkansas,OG,76.5,335,5.55,19,22.5,94,5.06,8.72,0,0,N
2016,alex lewis,Nebraska,OT,78,312,5.22,27,29.5,100,4.72,7.94,0,0,Y
2016,nick martin,Notre Dame,C,76.13,299,5.22,28,28,97,4.72,7.57,0,0,Y
2016,tyler marz,Wisconsin,OT,78.75,316,5.54,19,27.5,99,4.97,8.38,0,0,N
2016,connor mcgovern,Missouri,OG,76.25,306,5.11,33,33,109,4.65,7.5,0,0,Y
2016,kyle murphy,Stanford,OT,78.38,305,,23,,,,,0,0,Y
2016,stephane nembot,Colorado,OT,78.75,322,5.39,32,26.5,103,5.15,8.55,0,0,N
2016,rees odhiambo,Boise State,OG,75.88,314,,23,,,,,0,0,Y
2016,alex redmond,UCLA,OG,76.75,294,5.3,30,28,111,4.9,7.75,0,0,N
2016,dominique robertson,West Georgia,OT,76.63,324,5.36,30,28.5,100,4.83,8.42,0,0,N
2016,isaac seumalo,Oregon State,OG,75.88,303,5.19,,26,105,4.52,7.4,0,0,Y
2016,brandon shell,South Carolina,OT,77.38,324,5.22,22,30.5,112,,,0,0,Y
2016,matt skura,Duke,C,75.38,305,5.39,27,24,103,4.76,7.89,0,0,N
2016,pearce slater,San Diego State,OT,78.75,329,5.42,17,23,92,5.12,8.36,0,0,N
2016,jason spriggs,Indiana,OT,77.63,301,4.94,31,31.5,115,4.44,7.7,0,0,Y
2016,john theus,Georgia,OT,78.5,313,5.22,,28,103,4.78,7.9,0,0,Y
2016,joe thuney,North Carolina State,OG,76.63,304,4.95,28,28.5,110,4.54,7.47,0,0,Y
2016,cole toner,Harvard,OT,77.25,306,5.32,22,26,103,4.59,7.88,0,0,Y
2016,sebastian tretola,Arkansas,OG,76.13,314,5.45,22,23.5,90,5.02,7.94,0,0,Y
2016,max tuerk,Southern California,C,77,298,,22,,,,,0,0,Y
2016,landon turner,North Carolina,OG,75.88,330,5.58,30,19,88,,,0,0,N
2016,halapoulivaati vaitai,Texas Christian,OT,78,320,5.26,23,29,113,5,8.26,0,0,Y
2016,christian westerman,Arizona State,OG,75.13,298,5.12,34,,98,4.71,7.69,0,0,Y
2016,cody whitehair,Kansas State,OG,75,301,5.02,16,25.5,110,4.58,7.32,0,0,Y
2016,avery young,Auburn,OT,76,328,5.39,,,,4.91,8.22,0,0,N
2017,gavin andrews,Oregon State,OG,77,340,,,,,5.09,,0,0,N
2017,isaac asiata,Utah,OG,75.13,323,5.34,35,25.5,102,4.93,7.83,0,0,Y
2017,erik austell,Charleston Southern,OT,75.13,301,5.23,24,27.5,107,4.9,8.13,0,0,N
2017,zach banner,Southern California,OT,80.38,353,5.58,22,23.5,92,5.21,8.31,0,0,Y
2017,adam bisnowaty,Pittsburgh,OT,77.63,304,5.23,23,29.5,96,4.94,8.02,0,0,Y
2017,garett bolles,Utah,OT,77.25,297,4.95,,28,115,4.55,7.29,0,0,Y
2017,ben braden,Michigan,OG,78.25,329,5.04,25,28,102,4.9,7.85,0,0,N
2017,daniel brunskill,San Diego State,OT,77.13,273,,17,28,106,4.84,7.9,0,0,N
2017,collin buchanan,Miami (OH),OL,76.63,316,,23,25,97,4.75,,0,0,N
2017,aviante collins,Texas Christian,OT,76.25,295,4.81,34,,,4.73,,0,0,N
2017,ethan cooper,Indiana (PA),OG,74,322,5.36,26,24.5,99,4.88,8.02,0,0,N
2017,julien davenport,Bucknell (PA),OT,78.75,318,5.45,18,27,106,4.69,7.57,0,0,Y
2017,dion dawkins,Temple,OG,75.88,314,5.11,26,26,106,4.78,7.3,0,0,Y
2017,jj dielman,Utah,C,76.75,309,,27,,,4.84,,0,0,Y
2017,jessamen dunker,Tennessee State,OG,76.13,318,4.98,23,28.5,108,4.13,,0,0,N
2017,jermaine eluemunor,Texas A&M,OL,75.63,332,5.22,34,,,,,0,0,Y
2017,dan feeney,Indiana,OG,76,305,5.24,26,28,101,4.68,7.52,0,0,Y
2017,kyle fuller,Baylor,C,76.75,307,5.24,23,26,96,4.84,7.71,0,0,Y
2017,antonio garcia,Troy (AL),OT,78.38,302,5.15,24,31,108,4.94,7.98,0,0,Y
2017,avery gennesy,Texas A&M,OT,75,318,5.35,24,20,91,5,8.08,0,0,N
2017,evan goodman,Arizona State,OG,76,306,,,,,4.81,,0,0,N
2017,sean harlow,Oregon State,OG,76.13,303,5.15,26,30.5,105,4.81,8.16,0,0,Y
2017,danny isidora,Miami (FL),OG,75.25,306,5.03,26,29,94,4.9,8.13,0,0,Y
2017,dorian johnson,Pittsburgh,OG,76.63,300,5.27,21,30,114,5.09,8.39,0,0,Y
2017,roderick johnson,Florida State,OT,78.63,298,,,,,5.17,,0,0,Y
2017,kyle kalis,Michigan,OG,76,308,,,,,4.62,,0,0,N
2017,forrest lamp,Western Kentucky,OG,75.75,309,5,34,27.5,111,4.62,7.55,0,0,Y
2017,javarius leamon,South Carolina State,OL,78.75,332,,22,23.5,,,,0,0,N
2017,cameron lee,Illinois State,OG,76.63,312,5.44,18,25.5,100,4.75,8.02,0,0,N
2017,corey levin,Tennessee-Chattanooga,OL,75.75,307,5.16,26,26.5,106,4.73,7.55,0,0,Y
2017,erik magnuson,Michigan,OG,78,305,,,,,4.94,,0,0,N
2017,damien mama,Southern California,OG,75.25,334,5.84,,24.5,96,5.38,8.51,0,0,N
2017,conor mcdermott,UCLA,OT,80.13,307,5.18,,28.5,105,4.58,7.52,0,0,Y
2017,jordan morgan,Kutztown (PA),OG,74.75,309,5.36,21,27,102,4.73,8.13,0,0,Y
2017,taylor moton,Western Michigan,OG,77.38,319,5.18,23,30.5,109,4.58,7.73,0,0,Y
2017,levon myers,Northern Illinois,OT,77,309,,,,,5.06,,0,0,N
2017,tyler orlosky,West Virginia,C,75.13,298,,24,,,3.89,,0,0,N
2017,caleb peterson,North Carolina,OG,77,300,,,,,4.84,,0,0,N
2017,ethan pocic,Louisiana State,C,78,310,5.15,26,27,107,4.81,7.89,0,0,Y
2017,chase roullier,Wyoming,C,75.75,312,5.54,19,26.5,97,4.47,7.6,0,0,Y
2017,victor salako,Oklahoma State,OT,78,335,,,,,4.78,,0,0,N
2017,justin senior,Mississippi State,OT,76.63,331,5.55,,23,98,5.06,8.19,0,0,Y
2017,david sharpe,Florida,OT,77.75,343,5.44,19,20.5,97,4.78,7.87,0,0,Y
2017,nico siragusa,San Diego State,OG,76.38,319,5.35,28,32,110,4.56,7.71,0,0,Y
2017,dan skipper,Arkansas,OT,81.63,309,5.42,,26,97,5.01,7.61,0,0,N
2017,sam tevi,Utah,OT,77,311,5.27,15,26,107,4.6,7.84,0,0,Y
2017,nate theaker,Wayne St. (MI),OG,77,315,5.41,23,27,105,4.55,7.97,0,0,N
2017,jon toth,Kentucky,C,77,307,5.51,21,25.5,100,4.37,8.09,0,0,N
2017,jerry ugokwe,William & Mary (VA),OT,79.25,321,5.61,18,26,103,5.17,8.35,0,0,N
2018,brian allen,Michigan State,C,73,298,5.34,27,26.5,99,4.71,7.81,0,0,Y
2018,alex cappa,Humboldt State (CA),OT,78,305,5.39,24,26.5,97,4.84,8.04,0,0,Y
2018,geron christian,Louisville,OT,77,298,5.33,19,,,,,0,0,Y
2018,will clapp,Louisiana State,C,76,311,5.39,25,29,97,4.92,8.04,0,0,Y
2018,mason cole,Michigan,C,76,307,5.23,23,23.5,104,4.78,7.77,0,0,Y
2018,austin corbett,Nevada,OG,76,306,5.15,19,28,106,4.5,7.87,0,0,Y
2018,tyrell crosby,Oregon,OT,77,309,5.23,17,30,105,4.77,7.89,0,0,Y
2018,james daniels,Iowa,C,75,306,,21,30.5,108,4.4,7.29,0,0,Y
2018,jamil demby,Maine,OG,76,319,5.58,17,23.5,98,4.95,7.86,0,0,Y
2018,colby gossett,Appalachian State (NC),OG,77,311,5.2,32,25,103,4.83,7.6,0,0,Y
2018,taylor hearn,Clemson,OG,76,320,5.45,18,24,96,4.8,7.84,0,0,N
2018,will hernandez,Texas-El Paso,OG,74,327,5.15,37,24,104,4.7,7.59,0,0,Y
2018,sam jones,Arizona State,OG,77,305,5.32,28,27,101,4.86,7.92,0,0,Y
2018,cole madison,Washington State,OG,77,308,5.33,26,28.5,97,4.88,7.86,0,0,Y
2018,kj malone,Louisiana State,OG,76,303,5.34,15,29.5,103,,,0,0,N
2018,kc mcdermott,Miami (FL),OT,78,311,5.35,26,23.5,97,4.82,7.72,0,0,N
2018,skyler phillips,Idaho State,OG,75,318,5.1,,29,104,4.69,7.95,0,0,N
2018,scott quessenberry,UCLA,C,76,310,5.09,25,33.5,111,4.69,7.5,0,0,Y
2018,frank ragnow,Arkansas,C,77,312,,26,,,,,0,0,Y
2018,martinas rankin,Mississippi State,OT,76,308,,24,,,,,0,0,Y
2018,coleman shelton,Washington,C,75,292,5.24,,26.5,110,4.59,7.62,0,0,N
2018,braden smith,Auburn,OG,78,315,5.22,35,33.5,113,4.77,,0,0,Y
2018,wyatt teller,Virginia Tech,OG,76,314,5.24,30,29,114,4.84,7.45,0,0,Y
2018,salesi uhatafe,Utah,OG,77,310,5.4,,28,109,4.9,7.7,0,0,N
2018,sean welsh,Iowa,OG,75,306,5.43,20,25,103,4.81,7.9,0,0,N
