year,name,college,position,height_in,weight_lbs,40yards,benchpress,vert_leap_in,broad_jump_in,shuttle,3cone,hasawards,allamerican,drafted
1997,ink aleaga,Washington,ILB,73,227,4.87,,31,107,4.33,7.6,0,0,N
1997,richard alvarado,Jackson State (MS),OLB,74.6,239,4.92,18,33.5,115,4.28,7.48,0,0,N
1997,derrick barnes,Oregon,OLB,72.9,261,4.92,15,33,109,4.42,7.88,0,0,N
1997,james bates,Florida,ILB,73,230,4.92,,32.5,115,4.29,7.67,0,0,N
1997,dexter coakley,Appalachian State (NC),OLB,69.6,215,4.52,21,38,125,4.21,7.48,0,0,Y
1997,lyron cobbins,Notre Dame,ILB,71.9,249,4.84,22,32.5,117,4.39,7.6,0,0,N
1997,vernon crawford,Florida State,OLB,75.5,249,4.94,,32.5,112,4.44,7.76,0,0,Y
1997,henri crockett,Florida State,ILB,74.1,249,,17,34.5,111,4.46,7.54,0,0,Y
1997,james darling,Washington State,ILB,72.5,247,,22,,,,,0,0,Y
1997,james farrior,Virginia,OLB,73.8,234,,22,35.5,120,4.4,7.62,0,0,Y
1997,john fiala,Washington,ILB,74,232,4.9,21,31,109,4.22,7.38,0,0,Y
1997,pat fitzgerald,Northwestern,ILB,74,235,,19,,,,,1,1,Y
1997,cory gilliard,Ball State (IN),OLB,72.4,218,4.55,16,,,,,0,0,Y
1997,james hamilton,North Carolina,OLB,76.9,236,4.84,,35,125,4.43,7.52,0,0,Y
1997,michael hamilton,North Carolina A&T,OLB,73.8,243,4.72,18,32,112,4.82,8.32,0,0,N
1997,jon hesse,Nebraska,ILB,75.9,249,4.94,13,35,112,4.64,7.74,0,0,Y
1997,anthony hicks,Middle Tennessee State,ILB,74,240,4.98,28,34,114,4.34,7.73,0,0,Y
1997,jarrett irons,Michigan,ILB,73,242,4.91,25,30,107,4.53,7.97,1,1,N
1997,greg jones,Colorado,OLB,76.1,241,4.82,19,38,129,4.19,7.48,0,0,Y
1997,sammy knight,Southern California,OLB,71.8,203,4.9,,31.5,108,4.31,7.25,0,0,N
1997,paul lacoste,Mississippi State,OLB,73.1,227,4.74,17,32,116,4.3,7.46,0,0,N
1997,tyrus mccloud,Louisville,ILB,73.6,251,5.02,35,,110,,,1,0,Y
1997,tony mccombs,Eastern Kentucky,ILB,74.1,240,4.75,20,34,,,,0,0,Y
1997,keith mitchell,Texas A&M,OLB,74.5,240,4.73,22,35.5,,,,0,0,N
1997,pete monty,Wisconsin,ILB,73.9,253,4.84,26,32.5,109,4.29,7.41,0,0,Y
1997,tyrell peters,Oklahoma,ILB,72.3,230,4.73,,30.5,111,4.23,7.51,0,0,N
1997,ryan phillips,Idaho,OLB,75.9,251,,21,32,115,4.11,7.44,0,0,Y
1997,derrick rodgers,Arizona State,OLB,73.1,223,4.78,21,36.5,121,4.45,7.67,0,0,Y
1997,dwayne rudd,Alabama,OLB,73.9,242,4.65,29,39.5,115,4.23,7.21,0,0,Y
1997,matt russell,Colorado,ILB,73.5,245,4.91,13,28,104,4.19,7.39,1,1,Y
1997,twan russell,Miami (FL),OLB,73.4,230,4.83,13,34,,,,0,0,Y
1997,tarek saleh,Wisconsin,OLB,73.6,246,4.85,26,34,109,4.19,7.36,0,0,Y
1997,tim scharf,Northwestern,OLB,73.3,236,4.61,25,34,112,4.15,7.31,0,0,Y
1997,jamie sharper,Virginia,OLB,74.9,240,4.67,19,36.5,116,4.24,7.57,0,0,Y
1997,broderick simpson,Oklahoma,OLB,72.4,220,4.8,,34,110,4.49,7.83,0,0,N
1997,alshermond singleton,Temple,ILB,74.3,224,4.77,20,39.5,122,4.2,7.57,0,0,Y
1997,mark smith,Arkansas,ILB,74.8,243,4.84,15,32,112,4.11,7.29,0,0,Y
1997,dennis stallings,Illinois,ILB,72.1,234,4.71,23,32,109,4.36,7.53,0,0,Y
1997,kinnon tatum,Notre Dame,ILB,71.9,222,4.67,28,39,127,4.31,7.91,0,0,Y
1997,jared tomich,Nebraska,OLB,74.5,255,,24,,,,,0,0,Y
1997,scott von der ahe,Arizona State,ILB,71.4,251,4.84,19,31.5,116,4.49,7.74,0,0,Y
1997,ronnie ward,Kansas,ILB,72.4,233,,17,,,,,0,0,Y
1998,shawn barber,Richmond (VA),OLB,73.9,224,4.56,,37,126,4.16,7.45,0,0,Y
1998,chris bordano,Southern Methodist (TX),ILB,73.5,243,4.68,27,37,124,4.18,7.52,1,0,Y
1998,keith brooking,Georgia Tech,OLB,74.4,244,,24,,,,,0,0,Y
1998,chester burnett,Arizona,OLB,70.6,224,4.66,26,33.5,114,4.41,7.82,0,0,Y
1998,daryl bush,Florida State,ILB,73.8,248,,26,,,,,0,0,N
1998,shane carwin,Western State Colorado,ILB,73.4,257,4.93,29,30.5,106,4.25,7.79,0,0,N
1998,derrik clark,Iowa State,OLB,75.4,247,4.77,14,37.5,122,3.98,7.06,0,0,N
1998,aaron collins,Penn State,OLB,71.5,237,4.77,27,33.5,117,4.18,7.75,0,0,N
1998,sam cowart,Florida State,OLB,72.9,246,,,30.5,112,4.28,7.84,1,1,Y
1998,jamie duncan,Vanderbilt,OLB,72.1,244,,23,,,,,0,0,Y
1998,chike egbuniwe,Duke,ILB,73.5,236,4.92,,32.5,111,4.41,8.07,0,0,N
1998,gregory favors,Mississippi State,OLB,73.4,229,4.78,15,32,115,4.29,7.53,0,0,N
1998,chris gizzi,Air Force,ILB,71.9,232,,26,,,,,1,0,N
1998,jerry jensen,Washington,OLB,72.3,237,4.8,22,31.5,106,4.22,7.52,0,0,Y
1998,antony jordan,Vanderbilt,OLB,74.8,239,4.75,20,34,116,4.22,7.84,0,0,Y
1998,kivuusama mays,North Carolina,ILB,74.9,251,,16,,,,,0,0,Y
1998,ron merkerson,Colorado,ILB,73.9,252,4.86,22,32.5,110,4.35,7.64,0,0,Y
1998,deshone myles,Nevada Las Vegas,OLB,74.1,244,4.85,19,32.5,113,4.16,7.75,0,0,Y
1998,isaiah reese,Michigan State,OLB,74.6,224,4.62,,31.5,113,4.11,7.78,0,0,N
1998,ron rogers,Georgia Tech,ILB,72.4,243,,25,,,,,0,0,Y
1998,anthony simmons,Clemson,ILB,72.1,231,,22,34.5,127,3.97,7.35,0,0,Y
1998,brian simmons,North Carolina,OLB,74.9,238,4.62,,30,117,4.31,7.47,1,1,Y
1998,myron smith,Louisiana Tech,OLB,72.9,225,4.58,12,34.5,118,4.27,7.96,0,0,N
1998,travian smith,Oklahoma,OLB,75.9,238,4.44,15,32.5,120,,7.66,0,0,Y
1998,takeo spikes,Auburn,ILB,72.9,234,,27,37,124,4.14,7.84,0,0,Y
1998,derek strey,Eastern Washington,ILB,73.8,252,4.84,30,30,106,4.31,7.65,0,0,N
1998,jeremiah trotter,Stephen F. Austin (TX),ILB,72.5,261,4.68,32,34,117,4.14,7.62,0,0,Y
1998,zack walz,Dartmouth (NH),OLB,75.9,228,4.79,13,33.5,116,4.11,7.42,0,0,Y
1998,vaughn washington,Houston,OLB,74.1,248,,28,,,,,0,0,N
1999,rahim abdullah,Clemson,OLB,77.1,244,4.88,17,34,117,4.36,7.24,0,0,Y
1999,brendon ayanbadejo,UCLA,OLB,73,234,4.67,18,36,117,4.36,7.57,0,0,N
1999,eric barton,Maryland,ILB,74.8,247,4.68,20,32,112,4.32,7.6,0,0,Y
1999,chris claiborne,Southern California,ILB,74.4,248,4.63,16,34,115,4.37,7.68,1,1,Y
1999,tony damato,Utah State,ILB,71,240,4.77,34,30,106,4.4,7.5,0,0,N
1999,antico dalton,Hampton (VA),OLB,73.1,242,4.76,30,35,113,4.32,7.49,0,0,Y
1999,jay foreman,Nebraska,ILB,73.3,241,4.68,20,36,117,4.16,7.2,0,0,Y
1999,barry gardner,Northwestern,ILB,72.4,242,4.72,25,33,113,4.32,7.42,0,0,Y
1999,marquis gibson,Missouri,OLB,74,227,4.68,15,33,115,4.3,7.39,0,0,N
1999,phil glover,Utah,OLB,71.6,239,4.7,26,36.5,116,4.36,7.67,0,0,Y
1999,lamont green,Florida,OLB,75,226,4.76,18,33,114,4.48,7.66,0,0,N
1999,warrick holdman,Texas A&M,OLB,74,233,4.69,16,35,123,4.06,7.22,0,0,Y
1999,kevin homer,Chadron State (NE),ILB,74.5,241,4.99,15,32.5,109,4.33,7.41,0,0,N
1999,terry houzah,Mississippi Valley State,ILB,73,238,4.84,18,33,115,4.37,7.56,0,0,N
1999,bobbie howard,Notre Dame,ILB,70,232,4.74,16,30,110,4.48,7.52,0,0,N
1999,matt hughes,Iowa,ILB,75,251,4.76,14,31,111,4.33,7.42,0,0,N
1999,olrick johnson,Florida A&M,ILB,71.5,246,4.92,27,29.5,100,4.24,7.73,0,0,N
1999,bryan jones,Oregon,OLB,76,210,4.61,12,35,118,4.28,7.21,0,0,Y
1999,chris jones,Clemson,OLB,70.1,228,4.72,21,24.5,106,4.48,7.64,0,0,Y
1999,andy katzenmoyer,Ohio State,ILB,74.6,258,4.68,23,,,,,1,1,Y
1999,jevon kearse,Florida,OLB,76.9,262,4.58,,37,122,4.24,,0,0,Y
1999,jeff kelly,Kansas State,ILB,72.1,256,4.95,16,32,112,4.37,7.65,1,1,Y
1999,chad kelsay,Nebraska,OLB,74.5,254,4.91,22,35.5,116,4.3,7.09,0,0,Y
1999,courtney ledyard,Michigan State,ILB,74,250,5.11,20,34.5,115,4.24,7.85,0,0,N
1999,kevin mccullar,Texas Tech,OLB,74.6,246,4.97,12,30,106,4.21,7.14,0,0,N
1999,cj mclain,Arkansas,OLB,75,243,4.72,21,36,117,4.25,7.2,0,0,N
1999,john mclaughlin,California,OLB,75.3,247,4.72,18,31.5,107,4.15,6.84,0,0,Y
1999,kory minor,Notre Dame,OLB,72.5,244,4.71,,31,112,4.27,7.2,0,0,Y
1999,hannibal navies,Colorado,OLB,74.5,239,4.64,18,33,114,4.19,,0,0,Y
1999,keith newman,North Carolina,ILB,74.5,239,4.73,18,32,110,4.37,7.54,0,0,Y
1999,dat nguyen,Texas A&M,ILB,71,234,4.74,19,,,,,1,1,Y
1999,kendell ogle,Maryland,OLB,72.8,235,4.67,20,35,118,4.05,7.44,0,0,N
1999,chike okeafor,Purdue,OLB,76.6,254,4.74,17,36.5,113,4.2,7.09,0,0,Y
1999,mike peterson,Florida,OLB,73.5,233,4.47,18,36,118,4.08,7.07,0,0,Y
1999,joey porter,Colorado State,OLB,74.5,241,4.68,27,39,122,4.41,7.37,0,0,Y
1999,wali rainer,Virginia,ILB,73.8,241,4.91,26,32,111,4.33,7.83,0,0,Y
1999,brian rogers,Oregon State,ILB,74.3,239,4.76,19,36,108,4.39,7.34,0,0,N
1999,orlando ruff,Furman (SC),ILB,74.1,248,4.99,22,33,113,4.33,7.4,0,0,N
1999,johnny rutledge,Florida,ILB,74,245,4.63,18,33,115,4.21,7.27,0,0,Y
1999,khari samuel,Massachusetts,ILB,74.4,242,4.76,24,35,116,4.34,7.56,0,0,Y
1999,brian smith,Alabama-Birmingham,OLB,73,252,4.96,21,32.5,107,4.67,7.84,0,0,N
1999,brandon southward,Colorado,ILB,76,242,4.88,20,30.5,110,4.38,7.49,0,0,N
1999,donnie spragan,Stanford,OLB,76,236,4.95,20,33,113,4.4,7.88,0,0,N
1999,mike stanec,Youngstown State (OH),ILB,75,241,4.66,29,38,118,4.34,7.24,0,0,N
1999,derik stevenson,Brigham Young,OLB,75.9,235,4.9,14,31,111,4.3,7.81,0,0,N
1999,gary stills,West Virginia,OLB,73.4,238,4.76,23,31.5,110,4.28,7.33,0,0,Y
1999,sam sword,Michigan,ILB,73.3,242,5.01,,,,4.34,7.8,0,0,N
1999,joe wesley,Louisiana State,ILB,73,229,4.72,15,33,114,4.29,7.6,0,0,N
1999,parc williams,Minnesota,OLB,75,239,4.97,14,33,114,4.27,7.25,0,0,N
1999,al wilson,Tennessee,ILB,71.8,239,4.56,17,33,116,4.25,7.31,1,1,Y
1999,mark word,Jacksonville State (AL),OLB,76.9,258,4.87,16,31.5,115,4.33,7.44,0,0,N
2000,corey atkins,South Carolina,OLB,72.4,237,4.76,21,31,112,4.39,7.96,0,0,N
2000,marcus bell,Arizona,ILB,73.6,237,4.8,21,31.5,111,4.33,7.17,0,0,Y
2000,keith bulluck,Syracuse,OLB,75,244,4.47,,38,119,4.13,7.33,0,0,Y
2000,danny clark,Illinois,ILB,74.1,245,4.77,20,,,,,0,0,Y
2000,dwan epps,Texas Southern,ILB,73,242,4.68,8,34.5,,,,0,0,N
2000,kabeer gbajabiamila,San Diego State,OLB,76,243,4.65,21,34,120,4.28,6.9,0,0,Y
2000,ian gold,Michigan,OLB,73.1,221,4.58,21,33,115,4.19,6.97,0,0,Y
2000,barrett green,West Virginia,OLB,73,233,4.56,22,36,120,,,0,0,Y
2000,clark haggans,Colorado State,OLB,75.4,253,5.01,20,31.5,109,4.21,7.12,0,0,Y
2000,dhani jones,Michigan,OLB,73.1,240,4.69,29,,,,,0,0,Y
2000,fred jones,Colorado,OLB,74,247,4.98,17,32,113,4.39,7.27,0,0,N
2000,dustin lyman,Wake Forest,ILB,76,259,4.7,22,35,118,4.06,6.86,0,0,Y
2000,keith miller,California,ILB,73.1,246,5.01,24,27.5,110,4.43,7.37,0,0,N
2000,corey moore,Virginia Tech,OLB,70.9,223,4.62,21,,,,,1,1,Y
2000,rob morris,Brigham Young,ILB,73.9,250,4.77,18,33,113,4.17,6.93,1,0,Y
2000,andre oneal,Marshall (WV),ILB,73.3,235,4.72,16,34,114,4.24,7.3,0,0,N
2000,cedric pittman,Nevada,OLB,75,261,4.9,20,30.5,111,4.52,7.75,0,0,N
2000,dashon polk,Arizona,OLB,73.9,233,4.77,18,32,111,4.45,7.43,0,0,Y
2000,sekou sanyika,California,OLB,75.3,241,4.75,21,32.5,111,4.38,7.33,0,0,Y
2000,mark simoneau,Kansas State,OLB,72,237,4.63,24,36,117,4.09,7.08,1,1,Y
2000,peter sirmon,Oregon,ILB,73.9,246,4.86,20,34.5,115,4.27,7.21,0,0,Y
2000,tj slaughter,Southern Mississippi,ILB,72.1,247,4.91,24,30,112,4.26,7.08,0,0,Y
2000,jamel smith,Virginia Tech,ILB,72.5,245,5.19,,29.5,108,4.58,7.51,0,0,N
2000,shannon taylor,Virginia,OLB,74.9,249,4.65,,34.5,115,,,0,0,Y
2000,jeff ulbrich,Hawaii,ILB,72.4,249,4.7,24,32,109,4.3,7.23,0,0,Y
2000,brian urlacher,New Mexico,OLB,75.9,258,4.61,27,34,122,4.18,6.94,1,1,Y
2000,marcus washington,Auburn,OLB,75.3,252,4.7,,35,118,4.49,6.91,0,0,Y
2000,antonio wilson,Texas A&M-Commerce,OLB,74,245,4.56,11,,,,,0,0,Y
2001,keith adams,Clemson,OLB,70.6,219,4.81,24,,104,,,1,1,Y
2001,brian allen,Florida State,OLB,72.1,238,4.65,25,,,,,0,0,Y
2001,kendrell bell,Georgia,ILB,73.3,234,4.62,24,38.5,124,4.5,7.25,0,0,Y
2001,roylin bradley,Texas A&M,OLB,73.1,243,4.67,19,34,116,4.28,7.16,0,0,N
2001,quinton caver,Arkansas,ILB,75.9,227,4.66,23,37.5,118,4.25,7.66,0,0,Y
2001,patrick chukwurah,Wyoming,OLB,73.6,238,4.75,24,40,119,4.21,7.34,0,0,Y
2001,rick crowell,Colorado State,OLB,74.8,242,5,19,31.5,109,4.35,7.54,1,0,Y
2001,jason glenn,Texas A&M,OLB,72.6,236,4.93,14,36,115,4.31,7.16,0,0,Y
2001,morlon greenwood,Syracuse,OLB,72.4,237,4.61,21,33.5,112,4.08,7.62,0,0,Y
2001,edgerton hartwell,Western Illinois,ILB,73,250,4.86,18,36.5,114,4.56,7.64,0,0,Y
2001,sedrick hodge,North Carolina,OLB,75.8,244,4.48,21,32,120,4.09,,0,0,Y
2001,orlando huff,Frenso State (CA),OLB,74.4,245,4.7,16,,,,,0,0,Y
2001,alex lincoln,Auburn,ILB,72.1,251,4.79,22,35,111,,,0,0,Y
2001,jeremiah pharms,Washington,OLB,72.5,257,4.88,,32.5,106,4.53,7.37,0,0,Y
2001,carlos polk,Nebraska,ILB,74.1,251,4.72,,,,,,0,0,Y
2001,anthony sessions,Tennessee,OLB,71.8,228,4.78,19,,,,,0,0,N
2001,brandon spoon,North Carolina,ILB,74.4,245,4.73,33,35.5,110,4.15,7.3,0,0,Y
2001,markus steele,Southern California,OLB,74.9,232,4.62,,33,119,4.5,7.15,0,0,Y
2001,matt stewart,Vanderbilt,OLB,75.6,236,4.75,23,37,117,4.2,7.08,0,0,Y
2001,tj turner,Michigan State,ILB,74.6,273,4.75,,,,,,0,0,Y
2001,eric westmoreland,Tennessee,OLB,71.6,236,4.65,21,36.5,115,4.21,7.47,0,0,Y
2001,jamie winborn,Vanderbilt,ILB,71,229,4.63,,35.5,111,,,0,0,Y
2002,james allen,Oregon State,OLB,74.6,240,4.63,24,38,120,4.21,7.59,0,0,Y
2002,akin ayodele,Purdue,OLB,74.1,257,4.86,26,35,119,4.12,7,0,0,Y
2002,kevin bentley,Northwestern,OLB,72.4,243,4.72,23,39,113,3.83,6.71,0,0,Y
2002,rocky boiman,Notre Dame,OLB,75.8,242,4.61,17,35,118,4.05,6.86,0,0,Y
2002,courtland bullard,Ohio State,OLB,75,234,4.62,,36.5,120,4.28,6.99,0,0,Y
2002,jamie burrow,Nebraska,ILB,72.8,249,4.89,18,30.5,98,4.21,7.28,0,0,N
2002,rocky calmus,Oklahoma,OLB,75.1,243,4.69,16,,,,,1,1,Y
2002,joe cooper,Ohio State,OLB,72.4,233,4.94,17,32,108,4.46,7.47,0,0,N
2002,andra davis,Florida,ILB,72.9,244,4.77,20,31.5,106,,,0,0,Y
2002,justin ena,Brigham Young,ILB,75,247,4.71,20,34,112,4.11,6.76,0,0,N
2002,trev faulk,Louisiana State,ILB,74.6,241,4.84,,32,116,,,0,0,N
2002,levar fisher,North Carolina State,OLB,72.9,233,4.62,,31,108,,7.3,1,0,Y
2002,larry foote,Michigan,OLB,72.9,231,4.85,24,30,,4.41,7.18,1,0,Y
2002,scott fujita,California,OLB,77.5,248,4.63,20,42,122,4.21,7.09,0,0,Y
2002,napoleon harris,Northwestern,OLB,74.9,253,4.57,27,34,110,4.44,7.15,0,0,Y
2002,tyreo harrison,Notre Dame,ILB,74,238,4.88,,40,114,,7.24,0,0,Y
2002,ben leber,Kansas State,OLB,75,244,4.62,20,32.5,114,4.25,6.75,0,0,Y
2002,dd lewis,Texas,ILB,73,235,4.7,24,33.5,114,,,0,0,N
2002,quincy monk,North Carolina,ILB,75.4,250,4.8,26,33.5,112,4.38,7.46,0,0,Y
2002,brandon moore,Oklahoma,OLB,73.1,239,4.61,23,36.5,111,,,0,0,N
2002,jermaine petty,Arkansas,ILB,74.9,261,4.79,20,33.5,114,4.34,,0,0,N
2002,nick rogers,Georgia Tech,OLB,74,251,4.65,22,36,115,4.19,7.02,0,0,Y
2002,raonall smith,Washington State,OLB,74.1,244,4.56,26,42,121,4.11,7.1,0,0,Y
2002,dominique stevenson,Tennessee,OLB,72.3,231,4.6,23,32.5,107,,,0,0,Y
2002,jashon sykes,Colorado,OLB,74.9,236,4.81,23,34.5,115,4.34,7.25,0,0,N
2002,ben taylor,Virginia Tech,ILB,73.9,236,4.79,19,35.5,116,4.09,6.56,0,0,Y
2002,robert thomas,UCLA,OLB,72,229,4.53,21,34,114,4.1,7.21,1,1,Y
2002,josh thornhill,Michigan State,ILB,74.3,243,4.76,27,36.5,121,4.19,7.15,0,0,N
2002,david thornton,North Carolina,OLB,73.9,236,4.66,26,35.5,116,4.09,6.93,0,0,N
2002,will witherspoon,Georgia,OLB,73.5,231,4.63,25,38,120,4.21,7.09,0,0,Y
2003,khalid abdullah,Mars Hill (NC),OLB,74.1,227,4.63,26,36.5,126,4.17,7.13,0,0,Y
2003,boss bailey,Georgia,OLB,75.1,233,4.58,,42,135,,,0,0,Y
2003,nick barnett,Oregon State,OLB,73.6,236,4.69,32,34.5,123,4.07,6.97,0,0,Y
2003,solomon bates,Arizona State,ILB,73.4,243,4.88,19,30,112,4.32,7.22,0,0,Y
2003,lance briggs,Arizona,ILB,72.6,242,4.78,25,33,113,,,0,0,Y
2003,mark brown,Auburn,ILB,72.4,238,4.85,,37.5,121,4.17,7.35,0,0,N
2003,chris clemons,Georgia,OLB,75,236,4.64,18,35,116,4.58,7.47,0,0,N
2003,angelo crowell,Virginia,ILB,72.4,236,4.71,25,32.5,,4.26,7.07,0,0,Y
2003,lawrence flugence,Texas Tech,ILB,73.1,239,4.86,23,34,106,4.34,7.4,0,0,N
2003,tony gilbert,Georgia,ILB,71.9,251,4.86,19,27.5,109,,,0,0,Y
2003,mario haggan,Mississippi State,ILB,74.6,252,4.84,21,33,110,4.38,7.54,0,0,Y
2003,byron hardmon,Florida,ILB,73,232,4.78,17,32.5,115,4.36,7.55,0,0,N
2003,gerald hayes,Pittsburgh,ILB,72.9,238,4.75,,30.5,107,4.35,7.57,0,0,Y
2003,ej henderson,Maryland,ILB,72.9,245,4.8,20,,,,,1,1,Y
2003,victor hobson,Michigan,ILB,72.5,252,4.88,29,33,117,4.32,7.25,0,0,Y
2003,bradie james,Louisiana State,ILB,74.4,242,4.71,,32.5,113,4.52,7.53,0,0,Y
2003,jeremy loyd,Iowa State,OLB,73.6,235,4.66,17,34,114,4.12,6.89,0,0,N
2003,lamarcus mcdonald,Texas Christian,ILB,73.3,227,4.97,,31,110,4.44,7.59,1,0,N
2003,kawika mitchell,South Florida,ILB,73,253,4.69,25,37,117,4.24,7.32,0,0,Y
2003,mike nattiel,Florida,OLB,71.6,228,4.65,,30,106,4.38,7.49,0,0,N
2003,joe odom,Purdue,OLB,72.9,241,4.62,26,,,,,0,0,Y
2003,antwan peek,Cincinnati,OLB,74.6,246,4.67,21,37,125,4.33,7.06,0,0,Y
2003,terry pierce,Kansas State,ILB,73.4,251,4.7,28,27.5,,,,0,0,Y
2003,terrence robinson,Oklahoma State,ILB,72.4,240,4.97,19,33.5,116,4.33,7.6,0,0,N
2003,scott shanle,Nebraska,OLB,74.1,245,4.71,20,31,111,4.32,7.27,0,0,Y
2003,clifton smith,Syracuse,ILB,74.4,253,4.88,,,,,,0,0,N
2003,chaun thompson,West Texas A&M,OLB,73.9,240,4.56,29,35.5,123,4.16,7,0,0,Y
2003,pisa tinoisamoa,Hawaii,OLB,72.4,231,4.69,19,34.5,111,4.07,6.95,0,0,Y
2003,keyon whiteside,Tennessee,ILB,71.9,229,4.74,27,29,111,4.33,7.3,0,0,Y
2004,colby bockwoldt,Brigham Young,OLB,73.6,230,4.59,14,34,112,4.05,7.12,0,0,Y
2004,michael boulware,Florida State,OLB,74,225,4.5,,,,3.92,6.89,0,0,Y
2004,josh buhl,Kansas State,OLB,71.3,204,4.7,,29,114,4.32,7.26,0,0,N
2004,brandon chillar,UCLA,OLB,74.9,253,4.75,23,33,115,4.08,,0,0,Y
2004,cols colas,Virginia Tech,OLB,71.6,233,4.59,22,34.5,118,,,0,0,N
2004,marquis cooper,Washington,OLB,75.3,223,4.55,25,36.5,121,4.12,7.02,0,0,Y
2004,jorge cordova,Nevada,ILB,74,237,4.68,22,35.5,,4.17,7.28,0,0,Y
2004,rod davis,Southern Mississippi,ILB,74,239,4.71,,,114,4.02,7.2,1,0,Y
2004,ryan fowler,Duke,ILB,75.1,250,4.76,35,37.5,118,4.19,7.19,0,0,N
2004,keyaron fox,Georgia Tech,OLB,74.4,227,4.65,28,,,,,0,0,Y
2004,jonathan harrell,Northern Iowa,OLB,73.5,242,4.73,27,,,,,0,0,N
2004,bryan hickman,Kansas State,OLB,72.1,231,4.71,26,32.5,106,4,7.38,0,0,N
2004,tj hollowell,Nebraska,OLB,72.4,235,4.57,,33.5,117,4.09,7.14,0,0,N
2004,leon joe,Maryland,OLB,72.5,230,4.51,30,39,,,,0,0,Y
2004,landon johnson,Purdue,OLB,74,223,4.65,20,37.5,120,4.08,7.01,0,0,Y
2004,maurice jones,South Florida,OLB,72.8,249,4.72,26,35.5,118,4.21,7.16,0,0,N
2004,niko koutouvides,Purdue,ILB,74.5,244,4.73,,30.5,108,3.88,6.98,0,0,Y
2004,teddy lehman,Oklahoma,OLB,73.5,240,4.55,26,34.5,113,4.06,6.91,1,1,Y
2004,alex lewis,Wisconsin,OLB,71.8,227,4.72,25,34.5,121,4.28,7.06,0,0,Y
2004,caleb miller,Arkansas,ILB,75.3,224,4.71,23,34.5,120,3.93,6.85,0,0,Y
2004,derrick pope,Alabama,OLB,70.9,230,4.69,24,,106,,,0,0,Y
2004,kendyll pope,Florida State,OLB,73,226,4.71,,,118,4.26,,0,0,Y
2004,robert reynolds,Ohio State,ILB,75.5,251,4.79,18,32.5,116,3.94,7.17,0,0,Y
2004,greg richmond,Oklahoma State,OLB,73,233,4.7,17,,,,,0,0,N
2004,richard seigler,Oregon State,ILB,74.3,244,4.75,25,,,,,0,0,Y
2004,daryl smith,Georgia Tech,OLB,73.6,234,4.67,24,,,,,0,0,Y
2004,cody spencer,North Texas,ILB,74.5,242,4.67,27,34.5,116,4.08,6.94,0,0,Y
2004,billy strother,New Mexico,OLB,73,241,4.68,,33,112,4.21,7.42,0,0,N
2004,dontarrious thomas,Auburn,OLB,74.5,241,4.64,26,38.5,129,4,,0,0,Y
2004,deryck toles,Penn State,OLB,71.8,224,4.62,24,37,112,4.23,7.12,0,0,N
2004,daryl towns,Nevada,OLB,73,224,4.57,,37,112,4.25,7.15,0,0,N
2004,sean tufts,Colorado,OLB,76.1,242,4.66,21,34.5,118,3.94,6.94,0,0,Y
2004,courtney watson,Notre Dame,OLB,73.4,237,4.56,22,36.5,114,4.35,7.39,0,0,Y
2004,demorrio williams,Nebraska,OLB,72.8,232,4.54,16,37,125,4.11,7.02,0,0,Y
2005,jordan beck,Cal Poly,OLB,75,233,4.6,25,41,128,4.12,7.11,0,0,Y
2005,darryl blackstock,Virginia,OLB,74.6,247,4.72,25,39,126,4.29,7.05,0,0,Y
2005,michael boley,Southern Mississippi,OLB,74.8,236,4.62,,34,110,4.12,7.08,1,0,Y
2005,kevin burnett,Tennessee,OLB,74.9,239,4.61,20,36,119,,,0,0,Y
2005,jamar enzor,Cincinnati,OLB,72.5,243,4.83,21,,,,,0,0,N
2005,liam ezekiel,Northeastern (MA),ILB,72.1,249,4.83,36,34.5,117,4.12,7.27,0,0,N
2005,alfred fincher,Connecticut,ILB,74,238,4.68,25,31.5,112,4.48,7.7,0,0,Y
2005,johnathan goddard,Marshall (WV),OLB,72.3,238,4.7,27,35,107,4.14,7.48,0,0,N
2005,mike goolsby,Notre Dame,ILB,75,249,5,,29.5,112,4.36,7.31,0,0,N
2005,boomer grigsby,Illinois State,ILB,73,249,4.6,32,35.5,112,,7.1,0,0,Y
2005,tyjuan hagler,Cincinnati,OLB,71.6,236,4.61,35,35.5,114,4.07,7.21,0,0,Y
2005,marques harris,Southern Utah,OLB,73,231,4.76,22,40.5,117,4.07,7.19,0,0,N
2005,leroy hill,Clemson,ILB,73,229,4.7,25,34,116,4.1,7.23,1,0,Y
2005,derrick johnson,Texas,OLB,75.3,242,4.54,,37.5,120,3.87,7.2,1,1,Y
2005,marcus lawrence,South Carolina,ILB,74.1,243,4.65,19,34,120,4.32,7.16,0,0,N
2005,robert mccune,Louisville,ILB,72,245,4.51,34,,,,,0,0,Y
2005,lance mitchell,Oklahoma,ILB,74.1,247,4.91,15,33.5,,4.38,7.49,0,0,Y
2005,kirk morrison,San Diego State,ILB,73,235,4.69,25,,,4.31,,1,0,Y
2005,martin patterson,Texas Christian,ILB,73.5,243,4.92,21,34,110,4.2,7.31,0,0,N
2005,kenneth pettway,Grambling State (LA),OLB,75,236,4.73,22,32.5,114,4.31,7.29,0,0,Y
2005,jonathan pollard,Oregon State,OLB,73,247,4.71,21,35,116,4.07,7.41,0,0,N
2005,barrett ruud,Nebraska,ILB,74.5,241,4.76,25,34.5,108,3.94,7.22,0,0,Y
2005,adam seward,Nevada Las Vegas,ILB,74.3,248,4.61,33,36.5,120,4.11,7.16,0,0,Y
2005,lofa tatupu,Southern California,ILB,71.9,238,4.84,23,35,113,4.16,7.31,0,0,Y
2005,odell thurman,Georgia,ILB,72.1,233,4.7,23,34,113,4.28,7.47,0,0,Y
2005,cameron wake,Penn State,OLB,75,236,4.65,20,45.5,130,4.13,7.12,0,0,N
2005,rian wallace,Temple,OLB,74.3,241,4.68,10,35.5,111,3.94,7.45,0,0,Y
2005,demarcus ware,Troy (AL),OLB,76,251,4.6,27,38.5,122,4.07,6.83,1,0,Y
2005,jonathan welsh,Wisconsin,OLB,75.3,244,4.61,19,40.5,128,4.22,7.83,0,0,Y
2005,cornelius wortham,Alabama,OLB,73.4,236,4.76,22,37,106,4.38,,0,0,Y
2006,jon alston,Stanford,OLB,72.75,223,4.53,30,40,132,4.13,6.9,0,0,Y
2006,james anderson,Virginia Tech,OLB,74.75,229,4.62,,41,121,4.07,6.67,0,0,Y
2006,trent bray,Oregon State,ILB,72.63,231,4.91,18,32,109,4.41,7.15,0,0,N
2006,tim dobbins,Iowa State,ILB,73.13,246,4.61,23,35.5,110,4.39,7.25,0,0,Y
2006,keith ellison,Oregon State,OLB,73.5,235,4.83,24,32.5,115,4.16,7.22,0,0,Y
2006,omar gaither,Tennessee,OLB,73,234,4.8,23,37,116,4.28,7.31,0,0,Y
2006,chad greenway,Iowa,OLB,74.5,242,4.8,16,33.5,117,4.22,7,0,0,Y
2006,spencer havner,UCLA,ILB,75.38,242,4.71,,39,116,4.07,6.81,0,0,N
2006,aj hawk,Ohio State,OLB,73,248,4.64,24,40,115,3.96,6.82,1,1,Y
2006,abdul hodge,Iowa,ILB,72.38,236,4.82,,31,108,4.3,7.09,0,0,Y
2006,thomas howard,Texas-El Paso,OLB,75.25,239,4.46,21,39,124,4.28,6.96,0,0,Y
2006,oliver hoyte,North Carolina State,ILB,74.63,245,4.98,19,32,112,4.3,7.47,0,0,N
2006,clint ingram,Oklahoma,OLB,73.75,244,4.65,22,41,,4.1,7.12,0,0,Y
2006,dqwell jackson,Maryland,ILB,72.5,230,4.77,19,37,116,4.36,7.05,1,0,Y
2006,brandon johnson,Louisville,OLB,76.88,228,4.52,11,37,118,4.34,7.17,0,0,Y
2006,freddy keiaho,San Diego State,ILB,71.25,224,4.65,15,36,113,4.12,7.01,0,0,N
2006,charlton keith,Kansas,OLB,76.38,237,4.83,12,30.5,109,4.36,7.03,0,0,N
2006,william kershaw,Maryland,OLB,74.75,240,4.67,21,37,111,4.17,6.95,0,0,N
2006,manny lawson,North Carolina State,OLB,77.38,241,4.47,23,39.5,124,4.18,6.9,0,0,Y
2006,tim mcgarigle,Northwestern,ILB,72.63,242,4.78,,38,118,4.07,7.09,0,0,Y
2006,roger mcintosh,Miami (FL),OLB,74.13,237,4.65,18,41.5,119,,,0,0,N
2006,terna nande,Miami (OH),OLB,72.13,232,4.55,41,39,124,4.11,6.97,0,0,Y
2006,aj nicholson,Florida State,OLB,72.75,252,4.9,25,,116,4.43,7.37,0,0,N
2006,kai parham,Virginia,ILB,75,256,5.04,30,35,116,4.33,7.35,0,0,N
2006,freddie roach,Alabama,ILB,73.88,257,4.96,,34,111,4.42,7.49,0,0,N
2006,dale robinson,Arizona State,ILB,72.38,231,4.84,18,33,108,4.3,7.29,1,0,N
2006,demeco ryans,Alabama,OLB,73.25,236,4.67,23,39,129,4.17,7.19,1,1,Y
2006,anthony schlegel,Ohio State,ILB,72.5,250,4.86,21,32,111,4.38,7.41,0,0,Y
2006,kevin simon,Tennessee,OLB,70,235,4.93,26,28,103,4.32,7.69,0,0,Y
2006,ernie sims,Florida State,OLB,71.13,231,4.56,25,41,125,4.22,7.31,0,0,Y
2006,anthony trucks,Oregon,OLB,72.88,233,4.79,22,37,125,4.14,7,0,0,N
2006,stephen tulloch,North Carolina State,ILB,70.75,241,4.93,27,33.5,113,4.15,7.19,0,0,Y
2006,cameron vaughn,Louisiana State,OLB,75.75,235,4.75,17,32,117,4.22,7.24,0,0,N
2006,gerris wilkinson,Georgia Tech,ILB,75,233,4.68,19,39,122,4.17,7.21,0,0,Y
2006,jamar williams,Arizona State,OLB,72.3,236,4.63,,37,120,4.29,7.03,0,0,Y
2006,leon williams,Miami (FL),ILB,75,245,4.6,25,,,,,0,0,Y
2007,jon abbate,Wake Forest,ILB,69.75,231,5.05,26,38.5,115,4.33,7.12,0,0,N
2007,rufus alexander,Oklahoma,OLB,72.88,228,4.8,25,35,117,4.3,7.06,1,0,Y
2007,antwan barnes,Florida International,OLB,72.63,240,4.46,31,35,122,4.32,7.29,0,0,Y
2007,jon beason,Miami (FL),OLB,72.25,237,4.76,19,,111,,,0,0,Y
2007,desmond bishop,California,ILB,73.88,239,4.8,33,,,,,0,0,Y
2007,quincy black,New Mexico,OLB,73.63,240,4.48,24,41.5,124,4.34,6.86,0,0,Y
2007,stewart bradley,Nebraska,OLB,75.75,254,4.74,28,35.5,112,4.17,7.29,0,0,Y
2007,prescott burgess,Michigan,OLB,75.38,240,4.88,19,32.5,106,4.31,7.01,0,0,Y
2007,quinton culberson,Mississippi State,OLB,72.63,236,4.8,18,29.5,113,,,0,0,N
2007,buster davis,Florida State,ILB,69.38,239,4.51,24,35.5,115,4.37,6.66,0,0,Y
2007,zak deossie,Brown (RI),ILB,76.63,250,4.61,26,34.5,122,4.22,6.89,0,0,Y
2007,justin durant,Hampton (VA),ILB,72.88,230,4.55,25,36,121,4.09,6.77,0,0,Y
2007,earl everett,Florida,OLB,74.5,238,4.89,19,32,113,,,0,0,N
2007,kamichael hall,Georgia Tech,OLB,72,228,4.78,,33,111,4.62,7.5,0,0,N
2007,david harris,Michigan,ILB,74.25,243,4.6,23,33,107,4.29,7.25,0,0,Y
2007,nate harris,Louisville,OLB,72.38,230,4.65,26,32,107,4.52,7.19,0,0,N
2007,justin hickman,UCLA,OLB,73.38,254,4.79,23,29.5,115,4.43,7.06,1,1,N
2007,rory johnson,Mississippi,OLB,72.13,232,4.6,19,38,116,4.07,,0,0,N
2007,zach latimer,Oklahoma,ILB,73.75,237,4.81,19,34,109,4.45,7.27,0,0,N
2007,marvin mitchell,Tennessee,ILB,75,249,4.94,22,32,108,4.25,7.29,0,0,Y
2007,stephen nicholas,South Florida,OLB,73.38,232,4.64,29,33.5,110,4.45,7.29,0,0,Y
2007,michael okwo,Stanford,ILB,71.38,232,4.73,20,35.5,121,4.43,7.12,0,0,Y
2007,sam olajubutu,Arkansas,OLB,68.75,227,4.79,24,34.5,118,4.34,7.33,0,0,N
2007,blair phillips,Oregon,ILB,73.13,243,4.89,23,30.5,106,4.48,7.01,0,0,N
2007,paul posluszny,Penn State,OLB,73.63,238,4.71,22,37,116,4.2,6.94,1,1,Y
2007,dallas sartz,Southern California,OLB,76.88,235,4.73,20,33.5,111,4.13,6.85,0,0,Y
2007,tim shaw,Penn State,OLB,73.5,236,4.54,26,36.5,116,4.12,7.01,0,0,Y
2007,brandon siler,Florida,ILB,73.75,241,4.64,,30.5,109,,7.34,0,0,Y
2007,juwan simpson,Alabama,OLB,74.38,225,4.57,15,34.5,123,4.42,7.22,0,0,N
2007,kelvin smith,Syracuse,ILB,74,240,4.82,26,32,110,4.42,7.19,0,0,Y
2007,tony taylor,Georgia,OLB,72.5,236,4.95,26,32,108,4.36,7.17,0,0,N
2007,lawrence timmons,Florida State,OLB,72.9,234,4.67,25,35,123,4.32,6.89,0,0,Y
2007,justin warren,Texas A&M,ILB,74.63,245,4.92,16,29.5,115,,,0,0,N
2007,anthony waters,Clemson,ILB,74.63,245,4.59,25,,,,,0,0,Y
2007,patrick willis,Mississippi,ILB,73.1,242,4.53,22,39,119,4.46,7.23,1,1,Y
2008,xavier adibi,Virginia Tech,OLB,73.75,232,4.71,,30,110,4.47,,0,0,Y
2008,steve allen,West Texas A&M,ILB,72.5,236,4.91,17,,111,,,0,0,N
2008,cliff avril,Purdue,OLB,74.88,253,4.63,27,32.5,117,4.51,6.9,0,0,Y
2008,kroy biermann,Montana,OLB,74.88,246,4.87,29,31.5,112,4.56,7.08,0,0,Y
2008,alvin bowen,Iowa State,OLB,73.13,223,4.9,15,34,119,4.3,7.21,0,0,Y
2008,shawn crable,Michigan,OLB,76.88,245,4.62,29,28,111,4.55,7.29,0,0,Y
2008,angelo craig,Cincinnati,OLB,76,252,5.09,21,30.5,118,,,0,0,Y
2008,bruce davis,UCLA,OLB,74.63,252,4.83,19,29,109,4.47,7.34,0,0,Y
2008,jordon dizon,Colorado,OLB,71.88,229,4.73,,30.5,118,4.35,7.01,1,1,Y
2008,jolonn dunbar,Boston College,ILB,72.5,231,4.84,19,27,112,,,0,0,N
2008,curtis gatewood,Vanderbilt,OLB,74,248,4.78,22,28.5,111,4.22,6.9,0,0,N
2008,jonathan goff,Vanderbilt,ILB,74,245,4.73,28,31.5,118,4.26,6.86,0,0,Y
2008,tavares gooden,Miami (FL),ILB,73.25,234,4.65,22,35,118,,,0,0,Y
2008,larry grant,Ohio State,OLB,73,235,4.79,20,31.5,113,4.22,6.77,0,0,Y
2008,quentin groves,Auburn,OLB,75,259,4.56,30,29.5,120,4.42,7.31,0,0,Y
2008,gary guyton,Georgia Tech,OLB,73.63,245,4.57,15,36.5,126,4.42,7.07,0,0,N
2008,geno hayes,Florida State,OLB,72.88,226,4.67,22,26.5,116,4.48,7.22,0,0,Y
2008,erin henderson,Maryland,OLB,74.75,244,4.8,23,31,113,4.5,7.16,0,0,N
2008,ali highsmith,Louisiana State,OLB,71.63,230,5.02,,26.5,112,4.29,7.4,0,0,N
2008,marcus howard,Georgia,OLB,72.5,237,4.47,27,34.5,,,,0,0,Y
2008,mike humpal,Iowa,OLB,74.5,244,4.83,20,31,119,4.25,7.07,0,0,Y
2008,curtis johnson,Clark Atlanta,OLB,74.63,242,4.69,25,26,,,,0,0,N
2008,stanford keglar,Purdue,OLB,73.63,239,4.63,29,34,126,3.98,6.7,0,0,Y
2008,bryan kehl,Brigham Young,OLB,74.25,242,4.69,26,34,119,4.23,6.88,0,0,Y
2008,spencer larsen,Arizona,ILB,73.75,238,4.91,27,28.5,113,4.55,7.68,0,0,Y
2008,curtis lofton,Oklahoma,ILB,72,246,4.85,23,24.5,105,4.56,7.69,1,1,Y
2008,durell mapp,North Carolina,OLB,72.88,227,4.74,27,,,,,0,0,N
2008,jerod mayo,Tennessee,ILB,73.25,242,4.59,,32,114,4.29,7.31,0,0,Y
2008,jameel mcclain,Syracuse,ILB,72.75,249,4.8,24,26,110,4.31,7.12,0,0,N
2008,steve octavien,Nebraska,OLB,71.63,238,4.74,26,29.5,118,,,0,0,N
2008,bryan smith,McNeese State (LA),OLB,74.38,231,4.76,17,32.5,120,4.4,7.22,0,0,Y
2008,nick watkins,Clemson,OLB,72.5,223,4.8,17,25,108,4.72,7.97,0,0,N
2008,philip wheeler,Georgia Tech,ILB,73.88,248,4.82,24,31,118,4.29,7.11,0,0,Y
2008,thomas williams,Southern California,ILB,72.9,238,4.89,26,29.5,113,,,0,0,Y
2008,wesley woodyard,Kentucky,OLB,72.4,227,4.53,,30,118,4.25,7.15,0,0,N
2009,kevin akins,Boston College,OLB,74,218,4.82,15,31.5,117,4.15,6.78,0,0,N
2009,stanley arnoux,Wake Forest,ILB,72,232,4.56,19,31.5,121,4.39,7.22,0,0,Y
2009,connor barwin,Cincinnati,OLB,75.63,256,4.59,21,40.5,128,4.18,6.87,0,0,Y
2009,darry beckwith,Louisiana State,ILB,73,234,4.75,23,26.5,110,4.5,7.39,0,0,N
2009,jasper brinkley,South Carolina,ILB,73.63,252,4.67,26,35.5,114,4.32,7.03,0,0,Y
2009,cody brown,Connecticut,OLB,74.13,244,4.76,26,36.5,120,4.4,7.1,0,0,Y
2009,victor butler,Oregon State,OLB,74.25,248,4.76,24,33,113,4.4,7.21,0,0,Y
2009,jonathan casillas,Wisconsin,OLB,73.13,228,4.5,24,,,,,0,0,N
2009,aaron curry,Wake Forest,OLB,73.75,254,4.52,25,37,124,4.51,7.15,1,0,Y
2009,brian cushing,Southern California,OLB,74.88,243,4.64,30,35,120,4.22,6.84,0,0,Y
2009,kevin ellison,Southern California,OLB,72.88,227,4.8,32,,,,,0,0,Y
2009,larry english,Northern Illinois,OLB,74.13,255,4.82,24,36,107,4.38,7.26,1,0,Y
2009,anthony felder,California,ILB,73.88,233,4.69,28,,116,,,0,0,N
2009,moise fokou,Maryland,OLB,73.13,233,4.65,12,31,121,4.28,7.09,0,0,Y
2009,zack follett,California,OLB,73.88,236,4.69,,37,117,,7.31,0,0,Y
2009,marcus freeman,Ohio State,OLB,72.63,239,4.65,30,37,113,4.12,6.98,0,0,Y
2009,cody glenn,Nebraska,OLB,72,244,4.78,25,,,,,0,0,Y
2009,nic harris,Oklahoma,OLB,74.38,234,4.86,15,31.5,109,4.37,7.05,0,0,Y
2009,stephen hodge,Texas Christian,OLB,71.63,234,4.59,22,35,115,4.34,7.21,0,0,Y
2009,mortty ivy,West Virginia,ILB,73.5,248,4.88,18,25.5,104,4.75,7.35,0,0,N
2009,james laurinaitis,Ohio State,ILB,73.88,244,4.76,22,33,115,4.24,6.93,1,1,Y
2009,deandre levy,Wisconsin,OLB,73.75,236,4.56,19,,119,,,0,0,Y
2009,kaluka maiava,Southern California,OLB,71.5,229,4.7,30,,110,4.2,6.98,0,0,Y
2009,clay matthews,Southern California,OLB,75.13,240,4.62,23,35.5,121,4.18,6.9,0,0,Y
2009,rey maualuga,Southern California,ILB,73.75,249,4.78,23,,107,,,1,1,Y
2009,tyrone mckenzie,South Florida,OLB,73.63,243,4.76,27,,112,,,0,0,Y
2009,scott mckillop,Pittsburgh,ILB,72.88,244,4.7,27,35.5,119,4.39,7,1,0,Y
2009,gerald mcrath,Southern Mississippi,ILB,73.88,231,4.49,19,34,123,4.35,7.24,1,0,Y
2009,jason phillips,Texas Christian,ILB,72.75,239,4.6,20,34,120,4.32,,0,0,Y
2009,lee robinson,Alcorn State (MS),OLB,74.25,249,4.71,24,32.5,113,4.67,7.57,0,0,N
2009,clint sintim,Virginia,OLB,75,256,4.75,,34.5,119,4.4,7.37,0,0,Y
2009,worrell williams,California,ILB,70.75,240,4.83,23,35,111,,,0,0,N
2009,morris wooten,Arizona State,ILB,73,231,5,15,,117,,,0,0,N
2010,pat angerer,Iowa,ILB,72.25,235,4.71,26,35,110,4.29,7.04,0,0,N
2010,jason beauchamp,Nevada Las Vegas,ILB,75,244,4.89,21,39.5,120,,7.1,0,0,N
2010,kyle bosworth,UCLA,OLB,72.63,236,4.69,25,32.5,117,4.11,6.67,0,0,N
2010,navorro bowman,Penn State,OLB,72.5,242,4.7,26,29.5,115,4.59,6.91,0,0,Y
2010,donald butler,Washington,ILB,73.13,245,4.62,35,,,,,0,0,Y
2010,lee campbell,Minnesota,ILB,74.38,247,4.88,17,34,108,4.4,7.27,0,0,N
2010,jamar chaney,Mississippi State,ILB,72.75,242,4.54,26,39,124,4.29,6.9,0,0,Y
2010,keenan clayton,Oklahoma,OLB,73.13,229,4.59,27,41.5,124,,,0,0,Y
2010,justin cole,San Jose State,OLB,75.13,242,4.76,22,34.5,117,4.42,7.13,0,0,N
2010,antonio coleman,Auburn,OLB,73.5,255,4.87,18,,113,,,0,0,N
2010,kavell conner,Clemson,OLB,72.5,242,4.59,24,33.5,110,4.6,7.36,0,0,Y
2010,rennie curran,Georgia,OLB,70.63,235,4.75,25,34.5,,,,0,0,Y
2010,dexter davis,Arizona State,OLB,73.5,244,4.62,25,35,109,4.3,7.08,0,0,Y
2010,phillip dillard,Nebraska,ILB,72.25,245,4.65,,31.5,106,4.43,7.16,0,0,Y
2010,aj edds,Iowa,OLB,75.63,246,4.62,16,33,117,4.28,7.19,0,0,Y
2010,junior galette,Stillman (AL),OLB,73.75,257,4.77,25,33.5,113,4.16,7.04,0,0,N
2010,thaddeus gibson,Ohio State,OLB,74,243,4.78,32,32,115,4.27,6.84,0,0,Y
2010,travis goethel,Arizona State,ILB,74.5,240,4.81,21,35,111,4.54,6.93,0,0,Y
2010,brandon graham,Michigan,OLB,73.38,268,4.71,31,,,,,0,0,Y
2010,jerry hughes,Texas Christian,OLB,73.75,255,4.65,26,34.5,118,4.15,6.99,1,1,Y
2010,josh hull,Penn State,ILB,74.75,237,4.93,25,32.5,115,4.07,6.86,0,0,Y
2010,carl ihenacho,San Jose State,OLB,75,245,4.86,20,,,,,0,0,N
2010,micah johnson,Kentucky,ILB,73.5,258,4.99,31,29,,,,0,0,N
2010,sergio kindle,Texas,OLB,74.88,250,4.65,25,36.5,118,4.53,7.26,0,0,Y
2010,keaton kristick,Oregon State,OLB,74.75,234,4.7,16,34,120,4.21,6.96,0,0,N
2010,simoni lawrence,Minnesota,OLB,72.38,232,4.59,21,40,123,4.43,7.3,0,0,N
2010,boris lee,Troy (AL),ILB,72.5,238,4.94,27,32.5,112,,,0,0,N
2010,sean lee,Penn State,ILB,74.13,236,4.71,24,37.5,120,,,0,0,Y
2010,sam maxwell,Kentucky,OLB,73.63,246,4.88,,33,108,4.52,7.37,0,0,N
2010,rolando mcclain,Alabama,ILB,76,249,4.68,24,,,,,1,1,Y
2010,albert mcclellan,Marshall (WV),ILB,73,247,4.75,26,36.5,119,4.21,7.24,1,0,N
2010,mike mclaughlin,Boston College,ILB,72.25,242,4.84,29,38.5,114,4.11,6.85,0,0,N
2010,koa misi,Utah,OLB,74.63,251,4.75,,38,127,4.27,7.07,0,0,Y
2010,arthur moats,James Madison (VA),OLB,72.25,246,4.64,24,36.5,122,4.37,7.22,0,0,Y
2010,roddrick muckelroy,Texas,OLB,73.75,246,4.68,19,31,110,4.39,7.25,0,0,Y
2010,eric norwood,South Carolina,OLB,73,242,4.71,,36.5,115,4.23,7.08,0,0,Y
2010,perry riley,Louisiana State,OLB,73,239,4.69,,35.5,119,4.25,6.97,0,0,Y
2010,ricky sapp,Clemson,OLB,75.88,252,4.65,23,34,114,4.41,7.29,0,0,Y
2010,darryl sharpton,Miami (FL),ILB,71.38,236,4.81,24,,,4.42,7.19,0,0,Y
2010,cameron sheffield,Troy (AL),OLB,74.38,257,4.92,,33,115,4.53,7.23,0,0,Y
2010,brandon spikes,Florida,ILB,74.88,249,5.05,,29,111,,6.97,1,1,Y
2010,stevenson sylvester,Utah,OLB,74.13,231,4.71,23,,,,,0,0,Y
2010,adrian tracy,William & Mary (VA),OLB,74.63,248,4.76,20,35.5,110,4.34,7.08,0,0,Y
2010,nate triplett,Minnesota,OLB,75,250,4.7,20,33,115,4.37,7.02,0,0,N
2010,daryl washington,Texas Christian,OLB,73.75,230,4.58,17,31,114,,,0,0,Y
2010,dekoda watson,Florida State,OLB,74,226,4.55,24,40,134,4.11,7.06,0,0,Y
2010,sean weatherspoon,Missouri,OLB,73.25,239,4.62,34,40,123,4.38,6.99,0,0,Y
2010,kion wilson,South Florida,ILB,73,239,4.87,27,36.5,123,4.53,,0,0,N
2010,jason worilds,Virginia Tech,OLB,73,254,4.65,24,38,114,4.29,6.95,0,0,Y
2011,sam acho,Texas,OLB,73.63,262,4.67,23,33.5,112,4.32,6.69,0,0,Y
2011,akeem ayers,UCLA,OLB,74.5,254,4.81,18,31,116,4.28,7.49,0,0,Y
2011,jeremy beal,Oklahoma,ILB,74.25,262,5.14,22,28.5,106,4.46,7.2,0,0,Y
2011,nick bellore,Central Michigan,ILB,73,245,4.84,23,32.5,109,4,6.98,0,0,N
2011,bruce carter,North Carolina,OLB,73.5,241,4.57,25,,,,,0,0,Y
2011,chris carter,Frenso State (CA),OLB,73.13,248,4.58,27,36,114,4.34,6.88,0,0,Y
2011,wayne daniels,Texas Christian,OLB,72.25,260,5.03,,25,106,4.68,7.81,0,0,N
2011,akeem dent,Georgia,ILB,73,242,4.78,24,37.5,123,,,0,0,Y
2011,mason foster,Washington,OLB,73.25,245,4.75,22,31,110,4.45,7.14,0,0,Y
2011,sandon herzlich,Boston College,OLB,76,244,4.91,29,32.5,112,4.46,7.32,0,0,N
2011,doug hogue,Syracuse,OLB,74.5,235,4.62,18,36,121,4.57,7.09,0,0,N
2011,ross homan,Ohio State,OLB,72.75,240,4.66,32,35.5,111,4.34,7.21,0,0,Y
2011,justin houston,Georgia,OLB,74.88,270,4.62,30,36.5,125,4.37,6.95,0,0,Y
2011,jeremiha hunter,Iowa,OLB,72.5,239,4.77,20,31.5,116,,,0,0,N
2011,greg jones,Michigan State,ILB,72.13,242,4.75,21,31.5,117,4.27,7.21,1,1,Y
2011,orie lemon,Oklahoma State,ILB,72.75,242,4.87,27,30,113,4.4,7.45,0,0,N
2011,greg lloyd,Connecticut,ILB,73.13,246,4.8,22,32,109,4.46,7.17,0,0,Y
2011,scott lutrus,Connecticut,OLB,74.38,241,4.68,,38,121,4.09,6.89,0,0,N
2011,casey matthews,Oregon,ILB,72.88,231,4.78,13,,,,,0,0,Y
2011,colin mccarthy,Miami (FL),ILB,73.38,238,4.59,23,36.5,119,4.2,6.93,0,0,Y
2011,bruce miller,Central Florida,OLB,73.38,254,4.81,35,31,113,4.34,7.05,1,0,Y
2011,von miller,Texas A&M,OLB,74.63,246,4.42,21,37,126,4.06,6.7,1,1,Y
2011,dontay moch,Nevada,OLB,73.38,248,4.4,21,42,128,4.38,7.09,1,0,Y
2011,michael mohamed,California,ILB,75,239,4.65,21,32,115,4,6.7,0,0,N
2011,adrian moten,Maryland,OLB,73.63,228,4.53,18,31,114,4.21,7.05,0,0,N
2011,jonas mouton,Michigan,OLB,73,239,4.84,,31.5,115,4.34,7.08,0,0,Y
2011,brooks reed,Arizona,OLB,74.5,263,4.65,30,30.5,113,4.28,7.11,0,0,Y
2011,brian rolle,Ohio State,OLB,69.63,229,4.53,28,33,115,4.26,6.89,0,0,Y
2011,kelvin sheppard,Louisiana State,ILB,73.88,250,4.64,22,33.5,110,4.28,,0,0,Y
2011,darryl smith,Appalachian State (NC),OLB,70.63,239,4.75,20,31,104,4.45,7.35,0,0,N
2011,quan sturdivant,North Carolina,ILB,73,241,4.63,21,34,115,4.5,,0,0,Y
2011,james thomas,West Virginia,OLB,73,241,4.65,23,30.5,114,4.28,7.23,0,0,Y
2011,chris white,Mississippi State,ILB,74.75,240,4.68,17,34,115,4.25,6.95,0,0,Y
2011,lawrence wilson,Connecticut,OLB,72.88,229,4.71,24,32.5,113,4.5,7.23,0,0,Y
2011,martez wilson,Illinois,ILB,76,250,4.42,23,36,124,4.28,7.04,0,0,Y
2011,kenneth wright,Mississippi State,OLB,75,246,4.75,20,32,120,4.46,7.26,0,0,N
2012,emmanuel acho,Texas,OLB,73.63,238,4.64,24,35.5,118,,,0,0,Y
2012,ryan baker,Louisiana State,OLB,71.38,232,4.8,30,34,113,4.35,7.21,0,0,N
2012,nigel bradham,Florida State,OLB,73.88,241,4.56,24,37,121,4.37,7.18,0,0,Y
2012,zach brown,North Carolina,OLB,73.25,244,4.44,,33.5,116,,,0,0,Y
2012,vontaze burfict,Arizona State,ILB,73.38,248,5,,30,104,,,0,0,N
2012,miles burris,San Diego State,OLB,74.13,246,4.73,31,37.5,121,,,0,0,Y
2012,tank carder,Texas Christian,ILB,74.38,236,4.58,19,34.5,121,4.18,6.89,1,0,Y
2012,audie cole,North Carolina State,ILB,76.13,246,4.76,15,35,114,4.29,6.96,0,0,Y
2012,lavonte david,Nebraska,OLB,72.63,233,4.57,19,36.5,119,4.22,7.28,0,0,Y
2012,demario davis,Arkansas State,OLB,74,235,4.49,32,38.5,124,4.28,7.19,0,0,Y
2012,darius fleming,Notre Dame,OLB,73.63,245,4.71,27,33.5,114,4.28,7.03,0,0,Y
2012,chris galippo,Southern California,ILB,73.5,241,4.73,19,29.5,107,4.1,6.9,0,0,N
2012,najee goode,West Virginia,ILB,72.13,244,4.55,,35.5,117,,,0,0,Y
2012,donta hightower,Alabama,ILB,74.25,265,4.62,,32,,,,1,1,Y
2012,melvin ingram,South Carolina,OLB,73.5,264,4.69,28,34.5,109,4.18,6.83,1,1,Y
2012,bruce irvin,West Virginia,OLB,75,245,4.41,23,33.5,123,4.03,6.7,0,0,Y
2012,jamesmichael johnson,Nevada,ILB,73.13,241,4.6,23,37,124,4.37,7.34,0,0,Y
2012,steven johnson,Kansas,OLB,72.5,239,4.71,16,36,113,4.38,7.32,0,0,N
2012,josh kaddu,Oregon,OLB,75.13,239,4.67,20,34,119,,,0,0,Y
2012,mychal kendricks,California,ILB,71.13,239,4.44,24,39.5,127,4.19,,1,0,Y
2012,luke kuechly,Boston College,ILB,75.25,242,4.58,27,38,123,4.12,6.92,1,1,Y
2012,ronnell lewis,Oklahoma,OLB,73.75,253,4.65,36,31,112,4.4,7.09,0,0,Y
2012,travis lewis,Oklahoma,OLB,73.38,246,4.83,22,36,122,,,0,0,Y
2012,brandon lindsey,Pittsburgh,OLB,73.63,254,4.85,23,33,117,4.28,7.36,0,0,N
2012,shawn loiseau,Merrimack (MA),ILB,72.5,244,4.74,19,32.5,109,,,0,0,N
2012,terrell manning,North Carolina State,OLB,74.13,237,4.71,22,32.5,114,4.43,7.18,0,0,Y
2012,brandon marshall,Nevada,OLB,73.38,242,4.72,28,30.5,108,4.09,7.05,0,0,Y
2012,jonathan massaquoi,Troy (AL),OLB,74.13,264,4.81,20,33.5,120,4.53,7.38,0,0,Y
2012,shea mcclellin,Boise State,OLB,75.38,260,4.62,19,31.5,118,4.33,7.07,0,0,Y
2012,caleb mcsurdy,Montana,ILB,73.25,245,4.82,26,30,110,4.28,7.26,0,0,Y
2012,tyler nielsen,Iowa,OLB,75.38,238,4.63,21,,,4.31,7.27,0,0,N
2012,keenan robinson,Texas,ILB,75,242,4.72,27,35.5,120,,,0,0,Y
2012,sean spence,Miami (FL),OLB,71.38,231,4.66,12,33.5,119,4.28,7.46,0,0,Y
2012,nathan stupar,Penn State,OLB,73.63,241,4.65,21,31,116,4.28,6.84,0,0,Y
2012,danny trevathan,Kentucky,OLB,72.25,237,4.75,18,31.5,111,,,0,0,Y
2012,bobby wagner,Utah State,OLB,73,241,4.46,,,,,,0,0,Y
2012,tahir whitehead,Temple,OLB,73.25,233,4.62,21,37,124,4.37,7.14,0,0,Y
2012,kyle wilber,Wake Forest,OLB,76,249,4.73,25,33.5,117,4.31,7.11,0,0,Y
2013,sam barrington,South Florida,ILB,72.88,246,4.91,22,32.5,117,,,0,0,Y
2013,steve beauharnais,Rutgers,ILB,72.88,240,4.84,19,33,118,4.2,6.99,0,0,Y
2013,jon bostic,Florida,ILB,72.88,245,4.61,22,32.5,118,4.24,6.99,0,0,Y
2013,arthur brown,Kansas State,OLB,72.38,241,4.62,,,116,,,0,0,Y
2013,jamie collins,Southern Mississippi,OLB,75.5,250,4.64,19,41.5,139,4.32,7.1,0,0,Y
2013,zaviar gooden,Missouri,OLB,73.5,234,4.47,27,34,131,4.18,6.71,0,0,Y
2013,khaseem greene,Rutgers,OLB,72.75,241,4.71,17,30,116,4.2,7.58,1,0,Y
2013,brandon hepburn,Florida A&M,ILB,74.5,240,4.68,21,32,124,4.55,7.4,0,0,Y
2013,gerald hodges,Penn State,OLB,73,243,4.78,22,,119,,,0,0,Y
2013,devonte holloman,South Carolina,OLB,73.38,243,4.76,15,33,113,4.26,7.3,0,0,Y
2013,brandon jenkins,Florida State,OLB,74.5,251,4.69,18,,,,,0,0,Y
2013,jelani jenkins,Florida,OLB,72.5,243,4.54,27,,,,,0,0,Y
2013,jarvis jones,Georgia,OLB,75,241,4.74,,,,,,1,1,Y
2013,aj klein,Iowa State,ILB,73.25,250,4.66,20,,113,,,1,0,Y
2013,john lotulelei,Nevada Las Vegas,OLB,71.38,233,4.84,25,35.5,117,4.3,6.91,0,0,N
2013,brandon magee,Arizona State,OLB,71,223,4.74,,,114,,,0,0,N
2013,michael mauti,Penn State,OLB,73.88,243,4.83,28,,,,,0,0,Y
2013,barkevious mingo,Louisiana State,OLB,76.25,241,4.58,,37,128,4.39,6.84,0,0,Y
2013,kevin minter,Louisiana State,ILB,71.75,246,4.81,25,33,119,,,0,0,Y
2013,nick moody,Florida State,OLB,73,236,4.71,17,,118,,,0,0,Y
2013,sio moore,Connecticut,OLB,72.75,245,4.65,29,38,127,4.31,7.49,0,0,Y
2013,alec ogletree,Georgia,OLB,74.5,242,4.7,20,33.5,122,4.39,7.16,0,0,Y
2013,sean porter,Texas A&M,OLB,73.25,229,4.75,22,35,119,,,0,0,Y
2013,keith pough,Howard (DC),OLB,73.75,239,4.9,17,33,118,4.47,7.28,0,0,N
2013,ty powell,Harding (AR),OLB,74.13,249,4.64,28,37,122,4.4,6.98,0,0,Y
2013,kevin reddick,North Carolina,ILB,73.38,243,4.72,23,,113,,,0,0,N
2013,etienne sabino,Ohio State,OLB,74,247,4.75,24,,114,,,0,0,N
2013,jonathan stewart,Texas A&M,ILB,75.75,242,4.68,19,31,118,4.53,7.44,0,0,N
2013,bruce taylor,Virginia Tech,ILB,73.38,234,5.01,19,30.5,115,4.39,7.21,0,0,N
2013,manti teo,Notre Dame,ILB,73.25,241,4.82,,33,113,4.27,7.13,1,1,Y
2013,chase thomas,Stanford,OLB,75.25,244,4.91,18,32,113,4.31,7.17,0,0,N
2013,nathan williams,Ohio State,OLB,75,241,4.88,24,35,113,4.44,6.99,0,0,N
2013,trevardo williams,Connecticut,OLB,73.25,241,4.57,30,38,124,,,0,0,Y
2013,tom wort,Oklahoma,ILB,73,235,4.78,21,31.5,111,4.51,7.41,0,0,N
2014,anthony barr,UCLA,OLB,76.88,255,4.66,15,34.5,117,4.19,6.82,1,1,Y
2014,lamin barrow,Louisiana State,ILB,73.38,237,4.64,22,35,123,4.35,7.24,0,0,Y
2014,chris borland,Wisconsin,ILB,71.5,248,4.83,27,31,113,4.27,7.18,1,0,Y
2014,carl bradford,Arizona State,OLB,72.75,250,4.76,23,37.5,122,4.3,7.25,0,0,Y
2014,jonathan brown,Illinois,OLB,72.38,238,5.03,16,31,108,4.56,7.77,0,0,N
2014,preston brown,Louisville,ILB,73.25,251,4.86,23,33,115,4.26,6.98,0,0,Y
2014,max bullough,Michigan State,ILB,75.5,249,4.78,30,31,111,4.3,7.22,0,0,N
2014,kasim edebali,Boston College,OLB,74,253,4.79,19,34.5,114,4.35,7.2,0,0,N
2014,khairi fortt,California,OLB,74.25,248,4.7,30,36,120,,,0,0,Y
2014,jeremiah george,Iowa State,ILB,71.25,234,4.91,28,33,115,,,0,0,Y
2014,anthony hitchens,Iowa,OLB,72.38,240,4.74,23,31.5,115,4.45,7.15,0,0,Y
2014,adrian hubbard,Alabama,OLB,78,257,4.69,,38.5,116,,,0,0,N
2014,christian jones,Florida State,ILB,75.13,240,4.74,,33.5,114,,,0,0,N
2014,howard jones,Shepherd (WV),OLB,74.5,235,4.6,21,40.5,123,4.41,7.16,0,0,N
2014,devon kennard,Southern California,OLB,75,249,4.7,23,30,112,4.32,7.25,0,0,Y
2014,christian kirksey,Iowa,OLB,73.75,233,4.72,16,32,122,,,0,0,Y
2014,boseko lokombo,Oregon,OLB,74.13,225,4.66,,,122,4.3,7.15,0,0,N
2014,khalil mack,Buffalo,OLB,74.63,251,4.65,23,40,127,4.18,7.08,1,0,Y
2014,james morris,Iowa,ILB,72.88,241,4.8,18,34.5,116,4.36,6.94,0,0,N
2014,cj mosley,Alabama,ILB,74,234,4.65,,35,116,4.4,7.3,1,1,Y
2014,jonathan newsome,Ball State (IN),OLB,74.63,247,4.73,21,34,116,4.63,7.31,0,0,Y
2014,kevin pierrelouis,Boston College,OLB,72.5,232,4.51,28,39,127,4.02,6.92,0,0,Y
2014,ronald powell,Florida,OLB,75.13,237,4.65,21,35.5,113,,,0,0,Y
2014,trevor reilly,Utah,OLB,76.75,245,4.67,26,,,,,0,0,Y
2014,ryan shazier,Ohio State,OLB,73.13,237,4.58,25,42,128,4.21,6.91,0,0,Y
2014,prince shembo,Notre Dame,OLB,73.38,253,4.71,26,38.5,122,4.31,7.29,0,0,Y
2014,yawin smallwood,Connecticut,ILB,74.25,246,,18,36.5,108,,,0,0,Y
2014,telvin smith,Florida State,OLB,75,218,4.52,,31.5,117,,,0,0,Y
2014,tyler starr,South Dakota,OLB,76.13,250,4.95,24,32,115,4.15,6.64,0,0,Y
2014,jordan tripp,Montana,OLB,74.75,234,4.67,22,37.5,120,3.96,6.89,0,0,Y
2014,kyle van noy,Brigham Young,OLB,75.13,243,4.71,21,32.5,111,4.2,7.22,0,0,Y
2014,avery williamson,Kentucky,ILB,73,246,4.66,25,30.5,120,4.07,7.11,0,0,Y
2014,jordan zumwalt,UCLA,OLB,76,235,4.76,,33,115,4.25,6.99,0,0,Y
2015,kwon alexander,Louisiana State,OLB,72.75,227,4.55,24,36,121,4.2,7.14,0,0,Y
2015,stephone anthony,Clemson,ILB,74.63,243,4.56,23,37,122,4.03,7.07,0,0,Y
2015,neiron ball,Florida,OLB,74.38,236,4.68,22,,,,,0,0,Y
2015,vic beasley,Clemson,OLB,75,246,4.53,35,41,130,4.15,6.91,1,1,Y
2015,aaron davis,Colorado State,OLB,71.63,225,4.95,16,29,107,4.37,7.38,0,0,N
2015,paul dawson,Texas Christian,ILB,72.13,235,4.93,21,28,109,4.49,,1,1,Y
2015,trey depriest,Alabama,ILB,72.38,254,4.92,,,,,,0,0,N
2015,xzavier dickson,Alabama,OLB,75.5,260,4.74,19,29.5,100,4.53,7.56,0,0,Y
2015,kyle emanuel,North Dakota State,OLB,75.25,255,4.77,27,34,120,4.25,7.1,0,0,Y
2015,dante fowler,Florida,OLB,74.63,261,4.6,19,32.5,112,4.32,7.4,0,0,Y
2015,alani fua,Brigham Young,OLB,76.75,238,4.73,18,34.5,118,4.15,6.83,0,0,N
2015,markus golden,Missouri,OLB,74.38,260,4.9,,,,,,0,0,Y
2015,geneo grissom,Oklahoma,OLB,75.38,262,4.81,20,37,117,4.38,7.24,0,0,Y
2015,bryce hager,Baylor,ILB,72.75,234,4.6,26,35,117,4.36,7.15,0,0,Y
2015,eli harold,Virginia,OLB,75.13,247,4.6,,35,123,4.16,7.07,0,0,Y
2015,ben heeney,Kansas,ILB,72.25,231,4.59,19,33.5,120,4,6.68,0,0,Y
2015,amarlo herrera,Georgia,ILB,72.63,244,4.83,23,32,111,4.27,7.35,0,0,Y
2015,jordan hicks,Texas,OLB,73.38,236,4.68,20,38,124,4.15,6.78,0,0,Y
2015,mike hull,Penn State,OLB,71.88,237,4.68,31,,,4.15,6.99,0,0,N
2015,taiwan jones,Michigan State,ILB,74.63,245,4.95,19,32,115,4.33,7.25,0,0,N
2015,eric kendricks,UCLA,ILB,72.25,232,4.61,19,38,124,,,1,0,Y
2015,lorenzo mauldin,Louisville,OLB,75.63,259,4.85,23,32,112,4.58,7.47,0,0,Y
2015,benardrick mckinney,Mississippi State,ILB,76.13,246,4.66,16,40.5,121,4.27,7.21,0,0,Y
2015,mark nzeocha,Wyoming,OLB,74.38,232,4.56,24,,,,,0,0,Y
2015,denzel perryman,Miami (FL),ILB,70.75,236,4.78,27,32,113,,,0,0,Y
2015,hayes pullard,Southern California,ILB,72.5,240,4.78,19,31,110,4.39,7.07,0,0,Y
2015,edmond robinson,Newberry (SC),OLB,74.63,245,4.61,20,37,121,4.38,7.49,0,0,Y
2015,jake ryan,Michigan,OLB,74.38,240,4.65,20,34.5,120,4.2,7.11,0,0,Y
2015,martrell spaight,Arkansas,OLB,71.88,236,4.88,25,35,120,,7.66,0,0,Y
2015,shaq thompson,Washington,OLB,72.13,228,4.64,,33.5,117,4.08,6.99,0,0,Y
2015,davis tull,Tennessee-Chattanooga,OLB,74.38,246,4.59,26,42.5,132,,,0,0,Y
2015,max valles,Virginia,OLB,76.63,251,4.83,,36.5,121,4.37,7.59,0,0,Y
2015,tony washington,Oregon,OLB,76,247,4.99,17,32.5,110,4.31,7.2,0,0,N
2015,damien wilson,Minnesota,ILB,72,245,4.77,22,37,119,4.2,7.21,0,0,Y
2015,ramik wilson,Georgia,ILB,74,237,4.77,23,35,111,4.51,,0,0,Y
2016,dominique alexander,Oklahoma,ILB,72.25,232,,17,28.5,104,,,0,0,N
2016,devante bond,Oklahoma,OLB,73.13,235,4.7,21,37.5,121,4.36,7.07,0,0,Y
2016,kentrell brothers,Missouri,ILB,72.38,245,4.89,19,28.5,110,4.11,6.99,0,0,Y
2016,beniquez brown,Mississippi State,OLB,72.75,229,4.77,18,31,110,4.28,7.07,0,0,N
2016,devondre campbell,Minnesota,OLB,75.63,232,4.58,16,34,116,,,0,0,Y
2016,sua cravens,Southern California,OLB,72.75,226,,16,27,114,,,0,0,Y
2016,steven daniels,Boston College,ILB,71.5,243,4.86,16,32,112,4.54,7.33,0,0,Y
2016,kyler fackrell,Utah State,OLB,77,245,4.72,15,34.5,121,,,0,0,Y
2016,travis feeney,Washington,OLB,75.63,230,4.5,,40,130,4.42,7.2,0,0,Y
2016,leonard floyd,Georgia,OLB,77.63,244,4.6,,39.5,127,,,0,0,Y
2016,josh forrest,Kentucky,ILB,75.13,249,4.91,11,30.5,118,,,0,0,Y
2016,kris frost,Auburn,OLB,74.13,240,4.97,,29,113,,,0,0,N
2016,bj goodson,Clemson,ILB,72.63,242,4.69,30,34.5,118,4.51,7.05,0,0,Y
2016,myles jack,UCLA,OLB,73,245,,19,,,,,0,0,Y
2016,jordan jenkins,Georgia,OLB,74.63,259,4.8,16,36.5,121,,,0,0,Y
2016,cj johnson,Mississippi,ILB,73.38,234,4.81,,,,4.52,,0,0,N
2016,deion jones,Louisiana State,OLB,72.88,222,4.59,,33,120,,,0,0,Y
2016,raphael kirby,Miami (FL),ILB,72,236,,27,,,,,0,0,N
2016,nick kwiatkoski,West Virginia,ILB,74,243,4.73,19,32,120,4.22,7.16,0,0,Y
2016,darron lee,Ohio State,OLB,72.75,232,4.47,17,35.5,133,4.2,7.12,0,0,Y
2016,cory littleton,Washington,OLB,75.13,238,4.73,,29.5,114,4.32,7.11,0,0,N
2016,steve longa,Rutgers,OLB,72.63,241,4.78,19,32,116,4.56,7.5,0,0,N
2016,blake martinez,Stanford,ILB,73.63,237,4.71,22,28.5,113,4.2,6.98,0,0,Y
2016,tyler matakevich,Temple,ILB,72,238,4.81,22,31,112,4.5,7.19,1,1,Y
2016,cassanova mckinzy,Auburn,ILB,73,248,,21,,,,,0,0,N
2016,jared norris,Utah,ILB,73.25,241,4.8,19,29.5,114,4.52,,0,0,N
2016,montese overton,East Carolina (NC),OLB,73.75,223,4.61,18,34,123,4.47,7.15,0,0,N
2016,gionni paul,Utah,ILB,70.13,231,5.05,22,31,113,,,0,0,N
2016,joshua perry,Ohio State,OLB,75.75,254,4.68,20,33.5,124,,,0,0,Y
2016,reggie ragland,Alabama,ILB,73.25,247,4.72,,31.5,116,4.28,,1,1,Y
2016,joe schobert,Wisconsin,OLB,73.38,244,4.76,22,33.5,111,4.3,7.11,0,0,Y
2016,terrance smith,Florida State,OLB,74.88,235,4.77,19,34.5,120,,,0,0,N
2016,eric striker,Oklahoma,OLB,71,227,4.8,23,30,116,4.46,7.3,0,0,N
2016,nick vigil,Utah State,ILB,74.38,239,4.72,,31.5,115,4,6.73,0,0,Y
2016,stephen weatherly,Vanderbilt,OLB,76.38,267,4.61,23,31,117,,,0,0,Y
2016,scooby wright,Arizona,ILB,71,239,4.9,22,31,113,4.47,,1,1,N
2017,brian allen,Utah,DB,74.88,215,4.48,15,34.5,117,4.34,6.64,0,0,Y
2017,ryan anderson,Alabama,OLB,74.13,253,4.78,,,,,,0,0,Y
2017,alex anzalone,Florida,LB,75,241,4.63,16,30.5,116,,6.88,0,0,Y
2017,kendell beckwith,Louisiana State,ILB,74.13,243,,20,,,,,0,0,Y
2017,vince biegel,Wisconsin,OLB,75.13,246,4.67,21,33.5,118,,6.92,0,0,Y
2017,ben boulware,Clemson,ILB,72,238,,20,29.5,111,,7.02,0,0,N
2017,tyus bowser,Houston,LB,74.63,247,4.65,21,37.5,127,4.29,6.75,0,0,Y
2017,blair brown,Ohio,LB,71.5,238,4.65,,37,124,,6.92,0,0,Y
2017,jayon brown,UCLA,LB,71.75,231,4.7,17,31.5,120,,,0,0,Y
2017,riley bullough,Michigan State,LB,73.63,226,,20,31.5,116,4.38,,0,0,N
2017,chuck clark,Virginia Tech,DB,71.63,208,4.54,16,34,122,4.07,6.85,0,0,Y
2017,zach cunningham,Vanderbilt,LB,75.25,234,4.67,15,35,125,,7.03,1,1,Y
2017,jarrad davis,Florida,LB,73.25,238,,,,,4.39,,0,0,Y
2017,kevin davis,Colorado State,LB,73.75,235,4.91,11,30.5,110,4.5,7.18,0,0,N
2017,darius english,South Carolina,OLB,78,245,,,,,4.94,,0,0,N
2017,devonte fields,Louisville,OLB,74.38,236,4.72,,34,124,4.88,7.4,0,0,N
2017,ben gedeon,Michigan,ILB,73.63,244,4.75,27,34.5,119,4.39,6.98,0,0,Y
2017,shaquill griffin,Central Florida,DB,71.75,194,4.38,17,38.5,132,4.14,6.87,0,0,Y
2017,connor harris,Lindenwood (MO),ILB,71,242,4.73,18,33,114,4.18,7.13,0,0,N
2017,elijah lee,Kansas State,LB,75,228,,,,,4.3,,0,0,Y
2017,marquel lee,Wake Forest,LB,75.25,240,,25,31,118,,,0,0,Y
2017,jojo mathis,Washington,OLB,74.13,266,,24,,,,,0,0,N
2017,art maulet,Memphis,DB,69.75,189,4.62,18,34.5,120,4.22,,0,0,N
2017,raekwon mcmillan,Ohio State,LB,73.75,240,4.61,23,33,121,,7.15,0,0,Y
2017,matt milano,Boston College,OLB,72.25,223,4.67,24,35,126,4.38,,0,0,Y
2017,hardy nickerson,Illinois,LB,71.75,232,4.78,18,33,116,4.21,,0,0,N
2017,jabrill peppers,Michigan,LB,71.38,213,4.46,19,35.5,128,,,1,1,Y
2017,duke riley,Louisiana State,OLB,72.25,232,4.58,18,34.5,122,,6.89,0,0,Y
2017,tanner vallejo,Boise State,LB,72.75,228,4.67,,33.5,121,,,0,0,Y
2017,tj watt,Wisconsin,LB,76.25,252,4.69,21,37,128,4.78,6.79,0,0,Y
2018,genard avery,Memphis,ILB,73,248,4.59,26,36,124,4.36,6.9,0,0,Y
2018,jerome baker,Ohio State,OLB,73,229,4.53,22,36.5,126,,,0,0,Y
2018,davin bellamy,Georgia,OLB,77,255,,15,,,,,0,0,N
2018,keishawn bierria,Washington,ILB,74,230,4.79,21,30.5,117,,7.26,0,0,Y
2018,oren burks,Vanderbilt,OLB,75,233,4.59,18,39.5,131,4.15,6.82,0,0,Y
2018,jason cabinda,Penn State,ILB,73,239,,19,,,,,0,0,N
2018,lorenzo carter,Georgia,OLB,78,250,4.5,,36,130,,,0,0,Y
2018,jack cichy,Wisconsin,ILB,74,238,,18,,,,,0,0,Y
2018,chris covington,Indiana,OLB,74,245,4.78,23,,,,,0,0,Y
2018,nick deluca,North Dakota State,ILB,75,251,4.85,18,29.5,112,4.23,7.09,0,0,N
2018,garret dooley,Wisconsin,OLB,75,248,4.8,21,33,121,4.28,,0,0,N
2018,tremaine edmunds,Virginia Tech,OLB,77,253,4.54,19,,117,,,0,0,Y
2018,rashaan evans,Alabama,OLB,75,232,,,30,116,4.36,6.95,0,0,Y
2018,shaquem griffin,Central Florida,OLB,73,227,4.38,20,,117,,,1,0,Y
2018,shaun dion hamilton,Alabama,ILB,72,228,,20,,,,,0,0,Y
2018,marquis haynes,Mississippi,OLB,75,235,4.67,23,32,123,4.45,7.14,0,0,Y
2018,james hearns,Louisville,OLB,75,239,4.89,22,,,,,0,0,N
2018,jeff holland,Auburn,OLB,74,249,4.79,,,116,,,0,0,N
2018,joel iyiegbuniwe,Western Kentucky,ILB,73,229,4.6,19,35,117,4.28,7.06,0,0,Y
2018,darius jackson,Jacksonville State (AL),OLB,75,242,4.87,21,26.5,113,,7.52,0,0,N
2018,leon jacobs,Wisconsin,OLB,75,246,4.48,26,34.5,122,4.44,7.14,0,0,Y
2018,malik jefferson,Texas,ILB,75,236,4.52,27,36,125,,,0,0,Y
2018,josey jewell,Iowa,ILB,73,234,4.82,18,33,117,4.27,6.8,1,1,Y
2018,peter kalambayi,Stanford,OLB,75,252,4.57,19,34,121,4.36,7.13,0,0,Y
2018,micah kiser,Virginia,ILB,74,238,4.66,,35.5,121,4.24,7.05,0,0,Y
2018,harold landry,Boston College,OLB,75,252,4.64,24,36,119,4.19,6.88,0,0,Y
2018,darius leonard,South Carolina State,OLB,74,234,4.7,17,,,,,1,1,Y
2018,hercules mataafa,Washington State,OLB,73,254,4.76,26,31.5,108,4.37,7.24,1,1,N
2018,mike mccray,Michigan,OLB,76,243,4.76,16,31.5,119,4.25,7.09,0,0,N
2018,skai moore,South Carolina,OLB,74,226,4.73,,36,117,,,0,0,N
2018,uchenna nwosu,Southern California,OLB,75,251,4.65,20,32,119,,,0,0,Y
2018,dorian odaniel,Clemson,OLB,73,223,4.61,21,32,119,4.07,6.64,0,0,Y
2018,jacob pugh,Florida State,OLB,76,246,4.65,,38.5,122,,,0,0,N
2018,javon rollandjones,Arkansas State,OLB,74,253,4.88,23,,,,,0,0,N
2018,christian sam,Arizona State,ILB,74,244,4.75,28,32,114,4.25,7.03,0,0,Y
2018,tegray scales,Indiana,ILB,72,230,4.77,27,,,,,0,0,N
2018,andre smith,North Carolina,ILB,72,237,4.63,19,,,,,0,0,Y
2018,roquan smith,Georgia,ILB,73,236,4.51,,,,,,1,1,Y
2018,josh sweat,Florida State,OLB,76,251,4.53,,39.5,124,4.28,,0,0,Y
2018,matthew thomas,Florida State,OLB,75,232,4.58,,41.5,131,4.28,6.85,0,0,N
2018,kemoko turay,Rutgers,OLB,77,253,4.65,,,,,,0,0,Y
2018,leighton vander esch,Boise State,OLB,76,256,4.65,20,39.5,124,4.15,6.88,0,0,Y
2018,azeem victor,Washington,ILB,73,240,4.72,19,32.5,115,4.4,7.2,0,0,Y
2018,anthony winbush,Ball State (IN),OLB,73,249,,25,,110,,,0,0,N
2018,chris worley,Ohio State,ILB,74,238,4.86,15,29.5,,,,0,0,N
2018,kenny young,UCLA,ILB,73,236,4.6,23,36,117,4.48,7.38,0,0,Y
