year,name,college,position,height_in,weight_lbs,40yards,benchpress,vert_leap_in,broad_jump_in,shuttle,3cone,rushatt,rushyds,rushypa,rushtds,hasbling,allamerican,hasawards,heisman,drafted
1997,james allen,Oklahoma,RB,70.1,212,,11,31,,,,539,2387,4.4,7,0,0,0,0,N
1997,darnell autry,Northwestern,RB,70.8,210,,,34,114,,,787,3793,4.8,35,0,0,0,0,Y
1997,tiki barber,Virginia,RB,69.4,203,4.56,15,35.5,120,4,7.18,651,3389,5.2,31,1,0,1,0,Y
1997,terry battle,Arizona State,RB,70.6,197,4.71,16,34.5,118,,,334,1796,5.4,21,0,0,0,0,Y
1997,calvin branch,Colorado State,RB,71.4,200,4.49,18,39,127,4.08,7.12,386,2106,5.5,24,0,0,0,0,Y
1997,rod brown,North Carolina State,FB,71.5,245,5.03,25,28,102,,,300,1423,4.7,11,0,0,0,0,Y
1997,kenney bynum,South Carolina State,RB,70.8,190,4.53,11,35.5,124,4.13,7.47,,,,,0,0,0,0,N
1997,kenyon cotton,Southwestern Louisiana,FB,72,254,4.89,15,31.5,101,4.33,7.86,559,2311,4.1,25,0,0,0,0,N
1997,troy davis,Iowa State,RB,67.9,181,4.56,16,34.5,118,4.27,7.35,782,4382,5.6,36,1,1,1,0,Y
1997,marc edwards,Notre Dame,FB,72,236,4.72,25,34,106,4.07,7.48,311,1591,5.1,27,0,0,0,0,Y
1997,spencer george,Rice (TX),RB,69,198,4.54,22,41.5,127,4.03,7.28,419,1790,4.3,15,0,0,0,0,N
1997,jay graham,Tennessee,RB,71.6,215,4.46,22,36,117,4.05,7.28,540,2609,4.8,25,0,0,0,0,Y
1997,byron hanspard,Texas Tech,RB,70.5,198,4.41,,,,,,732,4135,5.6,29,1,1,1,0,Y
1997,priest holmes,Texas,RB,68.9,213,4.73,18,33,115,4.14,7.4,252,1276,5.1,20,0,0,0,0,N
1997,leon johnson,North Carolina,RB,71.8,209,4.68,,34,118,4.31,7.82,797,3693,4.6,43,0,0,0,0,Y
1997,george jones,San Diego State,RB,68.6,204,4.58,,35,115,4.38,7.82,486,2810,5.8,34,1,0,1,0,Y
1997,randy kinder,Notre Dame,RB,72.9,207,4.46,,31,120,4.17,7.4,404,2295,5.7,18,0,0,0,0,N
1997,brian knuckles,Western Illinois,RB,70.3,206,4.65,3,34,113,4.3,7.64,,,,,0,0,0,0,N
1997,fred lane,Lane College (TN),RB,69.6,209,4.75,19,31,116,4.18,7.39,40,357,8.9,2,0,0,0,0,N
1997,steve lee,Indiana,FB,72.8,259,4.83,25,33.5,109,4.37,7.79,44,178,4,0,0,0,0,0,Y
1997,chad levitt,Cornell (NY),RB,73.1,233,4.61,19,34.5,122,4.19,7.41,,,,,0,0,0,0,Y
1997,shon mitchell,Texas,RB,70.4,194,4.62,,31,120,4.17,7.56,293,1725,5.9,14,0,0,0,0,N
1997,beau morgan,Air Force,RB,70.1,192,4.61,,36.5,125,3.97,7.16,594,3379,5.7,42,1,0,1,0,N
1997,ray nealy,Arkansas-Pine Bluff,RB,71.5,219,4.61,9,34.5,114,4.48,7.6,,,,,0,0,0,0,N
1997,sedrick shaw,Iowa,RB,72,214,4.62,,32,112,4.39,7.76,796,3908,4.9,31,0,0,0,0,Y
1997,alex smith,Indiana,RB,71.4,208,4.62,16,32,111,4.16,7.25,723,3492,4.8,21,0,0,0,0,N
1997,antowain smith,Houston,RB,74.4,224,4.48,15,36.5,117,,,354,1847,5.2,19,1,0,1,0,Y
1997,emory smith,Clemson,FB,71.9,251,4.92,20,34,107,4.73,8.01,358,1568,4.4,25,0,0,0,0,N
1997,jerald sowell,Tulane (LA),FB,72.4,246,4.77,17,32.5,110,4.52,7.54,473,1953,4.1,10,0,0,0,0,Y
1997,david thompson,Oklahoma State,RB,68.3,194,4.69,14,34.5,124,4.24,7.39,846,4318,5.1,27,0,0,0,0,N
1997,corey walker,Arizona State,RB,69.5,188,4.46,16,35.5,121,4.23,7.12,549,2340,4.3,20,0,0,0,0,N
1997,shawn walters,Southern California,RB,70.9,251,4.87,19,,,,,425,2019,4.8,22,0,0,0,0,N
1997,cj williams,Georgia Tech,RB,72.1,205,4.61,13,39,124,4.35,7.48,539,2365,4.4,20,0,0,0,0,N
1997,abu wilson,Utah State,RB,72.4,214,4.73,15,31.5,117,4.5,7.75,792,3933,5,40,0,0,0,0,N
1998,curtis alexander,Alabama,RB,71.6,204,4.44,13,37,117,,7.46,257,1119,4.4,9,0,0,0,0,Y
1998,john avery,Mississippi,RB,69.4,184,4.38,17,34.5,121,4.16,7.35,347,1650,4.8,12,0,0,0,0,Y
1998,tavian banks,Iowa,RB,69.6,198,4.48,15,39,125,3.95,7.34,465,2773,6,33,1,0,1,0,Y
1998,fred beasley,Auburn,FB,71.4,220,4.91,16,32,114,4.18,7.58,282,1241,4.4,18,0,0,0,0,Y
1998,michael black,Washington State,RB,70.8,196,,17,,,,,424,2129,5,19,0,0,0,0,N
1998,ernest blackwell,Missouri,FB,74.5,242,4.79,,35,117,,,192,1309,6.8,12,0,0,0,0,Y
1998,greg comella,Stanford,FB,72,232,4.63,23,31,115,4.22,7.81,141,498,3.5,12,0,0,0,0,N
1998,chris floyd,Michigan,FB,72.1,235,4.69,17,28,112,4.49,7.7,138,581,4.2,2,0,0,0,0,Y
1998,chris fuamatumaafala,Utah,RB,71.6,252,4.83,23,33,111,4.25,7.52,,,,,0,0,0,0,Y
1998,ahman green,Nebraska,RB,71.8,213,4.44,13,38.5,129,,,574,3880,6.8,42,0,0,0,0,Y
1998,scott harley,East Carolina (NC),RB,69.4,215,4.79,18,31.5,108,4.25,7.46,487,2465,5.1,15,0,0,0,0,N
1998,lendon henry,Colorado,RB,72,213,,15,36,119,,,225,1115,5,11,0,0,0,0,N
1998,skip hicks,UCLA,RB,71.8,230,,17,34.5,124,,,638,3140,4.9,48,0,0,0,0,Y
1998,robert holcombe,Illinois,RB,70.9,216,4.53,23,35,126,4.15,7.49,943,4105,4.4,25,0,0,0,0,Y
1998,chris howard,Michigan,RB,69.6,223,4.65,19,27,115,4.23,7.49,387,1779,4.6,17,0,0,0,0,Y
1998,juan johnson,Utah,RB,73.1,220,4.69,14,34.5,123,4.32,7.74,582,2601,4.5,22,0,0,0,0,N
1998,carlos king,North Carolina State,FB,72.4,230,,14,,,,,205,988,4.8,11,0,0,0,0,Y
1998,carlos knight,Jackson State (MS),FB,70.6,230,4.65,18,32,119,4.28,7.72,,,,,0,0,0,0,N
1998,jonathan linton,North Carolina,FB,72.6,248,4.84,,29.5,110,4.27,7.6,399,1573,3.9,14,0,0,0,0,Y
1998,michael martin,Arizona State,RB,72.4,215,,17,,,,,395,1905,4.8,11,0,0,0,0,N
1998,claude mathis,Texas State,RB,69.5,206,4.61,17,30,110,4.2,7.61,,,,,0,0,0,0,N
1998,brian mckenzie,Brigham Young,RB,69.8,210,4.43,20,36.5,127,4.29,8.18,385,1954,5.1,23,0,0,0,0,N
1998,brock olivo,Missouri,RB,72.1,217,4.82,24,30.5,109,4,7.46,686,3026,4.4,27,0,0,0,0,N
1998,ken oxendine,Virginia Tech,RB,72.3,228,4.75,19,35,119,3.98,7.88,526,2660,5.1,27,0,0,0,0,Y
1998,marcus parker,Virginia Tech,RB,69.1,244,4.69,18,36,111,4.36,7.97,211,1186,5.6,13,0,0,0,0,Y
1998,pepe pearson,Ohio State,RB,70.4,206,4.54,15,34.5,112,4.36,7.3,659,3076,4.7,32,0,0,0,0,N
1998,wilmont perry,Livingstone (NC),RB,73.6,235,4.74,16,33,108,4.56,7.75,,,,,0,0,0,0,Y
1998,michael pittman,Frenso State (CA),RB,71.5,214,4.5,22,35,120,4.37,7.54,,,,,0,0,0,0,Y
1998,rock preston,Florida State,RB,67.9,183,4.62,9,33.5,118,4.17,7.54,179,1412,7.9,17,0,0,0,0,N
1998,raymond priester,Clemson,FB,72.6,240,,15,,,,,805,3966,4.9,21,0,0,0,0,Y
1998,andre richardson,Oklahoma State,RB,67.1,184,4.53,18,33,115,4.33,7.4,325,1926,5.9,9,0,0,0,0,N
1998,dennis riddle,Alabama,RB,70.1,205,4.66,,33.5,121,4.17,7.7,612,2645,4.3,23,0,0,0,0,N
1998,jon ritchie,Stanford,FB,73.8,248,4.66,,31,115,4.09,7.32,59,242,4.1,3,0,0,0,0,Y
1998,harold shaw,Southern Mississippi,RB,72,230,4.62,18,28.5,105,4.43,7.63,592,2219,3.7,32,0,0,0,0,Y
1998,rashaan shehee,Washington,RB,70.3,204,,22,,,,,384,2150,5.6,27,0,0,0,0,Y
1998,tarik smith,California,RB,70.4,200,4.53,17,39.5,129,,,324,1539,4.8,14,0,0,0,0,Y
1998,tremayne stephens,North Carolina State,RB,70.8,205,4.54,14,40,121,4,7.19,680,3553,5.2,23,0,0,0,0,N
1998,fred taylor,Florida,RB,71.9,226,,20,,,,,537,3075,5.7,31,0,0,0,0,Y
1998,delon washington,Southern California,RB,68.1,194,4.69,16,31,109,4.34,7.71,498,2093,4.2,12,0,0,0,0,N
1998,edwin watson,Purdue,FB,71.6,224,4.6,20,33.5,120,3.95,7.41,530,2520,4.8,25,0,0,0,0,Y
1999,jerry azumah,New Hampshire,RB,70,195,4.5,15,43.5,129,3.86,6.9,,,,,0,0,0,0,Y
1999,marlon barnes,Colorado,RB,70,211,4.49,18,35.5,120,4.32,7.31,278,1364,4.9,14,0,0,0,0,N
1999,michael basnight,North Carolina A&T,RB,72.9,241,4.61,18,34.2,117,4.42,7.34,,,,,0,0,0,0,N
1999,ronnie bradley,Georgia,RB,69,221,4.57,,36,115,4.1,7.18,56,185,3.3,2,0,0,0,0,N
1999,shawn bryson,Tennessee,FB,72.5,235,4.63,18,38.5,128,,,91,505,5.5,8,0,0,0,0,Y
1999,mike cloud,Boston College,RB,70.5,200,4.54,17,38.5,115,4.16,6.8,614,3597,5.9,25,1,1,1,0,Y
1999,cecil collins,McNeese State (LA),RB,68.6,209,4.45,16,33,115,,7.21,72,596,8.3,3,0,0,0,0,Y
1999,autry denson,Notre Dame,RB,69.5,197,4.67,20,31,115,4.15,6.97,854,4318,5.1,43,0,0,0,0,Y
1999,kelvin eafon,Arizona,FB,70,221,4.63,17,32,113,4.24,7.18,284,1037,3.7,21,0,0,0,0,N
1999,brian edwards,East Tennessee State,FB,73,223,4.66,18,35.5,122,4.19,7.12,,,,,0,0,0,0,N
1999,kevin faulk,Louisiana State,RB,67.6,205,4.57,,34,114,4.09,7.14,856,4557,5.3,46,0,0,0,0,Y
1999,jermaine fazande,Oklahoma,FB,72.3,268,4.81,18,31.5,105,4.7,8.06,187,807,4.3,8,0,0,0,0,Y
1999,jim finn,Pennsylvania,FB,70,228,4.62,24,31.5,108,4.21,7.18,,,,,0,0,0,0,N
1999,chris gall,Indiana,FB,73,229,4.79,23,31,108,4.34,7.43,86,343,4,7,0,0,0,0,N
1999,olandis gary,Georgia,RB,73,216,4.71,22,34,116,4.13,7.15,209,1079,5.2,17,0,0,0,0,Y
1999,anthony gray,Western New Mexico,RB,72.1,228,4.65,16,32.5,112,4.23,7.1,,,,,0,0,0,0,N
1999,madre hill,Arkansas,RB,71.4,199,4.52,20,32,109,4.31,6.9,541,2407,4.4,25,0,0,0,0,Y
1999,jay hinton,Morgan State (MD),RB,71,200,4.29,18,43.5,134,3.86,6.86,46,196,4.3,0,0,0,0,0,N
1999,john humphrey,Texas A&M-Kingsville,RB,69,195,4.54,19,35.5,122,,,,,,,0,0,0,0,N
1999,sedrick irvin,Michigan State,RB,70.8,223,4.58,20,35,117,,,755,3504,4.6,35,0,0,0,0,Y
1999,terry jackson,Florida,FB,71.1,222,4.71,26,32.5,112,4.21,7.21,321,1794,5.6,17,0,0,0,0,Y
1999,edgerrin james,Miami (FL),RB,72,216,4.38,,,,3.88,6.87,497,2960,6,32,0,0,0,0,Y
1999,jj johnson,Mississippi State,RB,73.4,227,4.71,16,,,4.19,7.3,,,,,0,0,0,0,Y
1999,corby jones,Missouri,RB,71.1,223,4.71,15,31.5,111,4.18,7.14,559,2533,4.5,38,0,0,0,0,N
1999,jaime kimbrough,Frenso State (CA),RB,67.5,198,4.71,22,34.5,112,4.32,7.4,432,2250,5.2,17,1,0,1,0,N
1999,rob konrad,Syracuse,FB,75,251,4.65,21,36,107,,,295,1516,5.1,20,0,0,0,0,Y
1999,stacey mack,Temple,FB,72.9,236,4.66,20,33,108,,,298,1591,5.3,14,0,0,0,0,N
1999,joel makovicka,Nebraska,FB,70.4,245,4.82,18,32.5,105,4.05,6.72,202,1143,5.7,11,0,0,0,0,Y
1999,cecil martin,Wisconsin,FB,72.6,239,4.82,22,35.5,109,4.22,7.31,64,270,4.2,5,0,0,0,0,Y
1999,joe montgomery,Ohio State,RB,70.4,227,4.63,,,,4.22,7.1,216,1331,6.2,9,0,0,0,0,Y
1999,demond parker,Oklahoma,RB,69.6,189,4.49,13,41.5,119,4.16,7.28,578,3404,5.9,21,0,0,0,0,Y
1999,sirr parker,Texas A&M,RB,70.3,190,4.56,,40,121,4.09,6.84,438,2042,4.7,15,0,0,0,0,N
1999,jeff paulk,Arizona State,FB,71.9,242,4.72,27,35.5,116,4.44,7.81,122,554,4.5,6,0,0,0,0,Y
1999,ronnie powell,Northwestern State (LA),RB,70,174,4.43,,35.5,116,4.14,7.09,62,304,4.9,4,0,0,0,0,N
1999,thomas seih,Texas Southern,RB,69,212,4.57,16,35,116,4.31,7.28,,,,,0,0,0,0,N
1999,brian shay,Emporia State (KS),RB,68,213,4.49,17,,,4.22,7.31,,,,,0,0,0,0,N
1999,aaron stecker,Western Illinois,RB,69.5,210,4.82,23,32.5,112,4.17,7,122,626,5.1,8,0,0,0,0,N
1999,damon washington,Colorado State,RB,70.6,200,4.54,18,37,114,4.07,7.28,593,3432,5.8,23,0,0,0,0,N
1999,devin west,Missouri,RB,72.3,229,4.53,14,33.5,114,4.04,7.12,567,2954,5.2,28,0,0,0,0,N
1999,clarence williams,Michigan,RB,68.5,202,4.71,19,33.5,105,4.15,6.98,426,1802,4.2,5,0,0,0,0,N
1999,ricky williams,Texas,RB,70.8,244,4.56,,37,124,,,789,3656,4.6,36,0,0,0,0,Y
1999,amos zereoue,West Virginia,RB,67.4,203,4.53,,,,4.09,,786,4086,5.2,40,0,0,0,0,Y
2000,demario brown,Utah State,RB,72.4,217,4.74,,31,107,4.39,7.17,792,4053,5.1,37,0,0,0,0,N
2000,keith brown,UCLA,RB,71.1,216,4.68,,30,117,4.08,6.64,303,1265,4.2,16,0,0,0,0,N
2000,trung canidate,Arizona,RB,70.6,193,4.46,18,,,,,558,3626,6.5,25,0,0,0,0,Y
2000,doug chapman,Marshall (WV),RB,70,215,4.59,16,38.5,128,4.2,6.84,618,3011,4.9,40,0,0,0,0,Y
2000,chrys chukwuma,Arkansas,RB,73,232,4.56,,,115,,,450,2168,4.8,24,0,0,0,0,N
2000,reuben droughns,Oregon,RB,71.3,215,4.68,13,30,115,4.41,7.34,389,2058,5.3,18,0,0,0,0,Y
2000,deon dyer,North Carolina,FB,70.9,260,5.03,,28,104,4.81,7.88,186,639,3.4,9,0,0,0,0,Y
2000,derrick foster,Texas A&M-Kingsville,RB,71.4,201,4.45,19,34.5,117,4.36,6.84,,,,,0,0,0,0,N
2000,mondriel fulcher,Miami (FL),FB,75.4,253,4.89,18,27,116,4.52,7.46,4,10,2.5,0,0,0,0,0,Y
2000,mike green,Houston,FB,71.6,253,4.8,25,28.5,108,4.34,7.08,243,1273,5.2,11,0,0,0,0,Y
2000,dante hall,Texas A&M,RB,67.8,191,4.46,18,38,123,3.82,6.62,522,2818,5.4,22,0,0,0,0,Y
2000,troy hambrick,Savannah State (GA),RB,72.1,237,4.72,21,34.5,118,4.44,7.48,302,1586,5.3,14,0,0,0,0,N
2000,thomas hamner,Minnesota,RB,72.1,197,4.54,17,32,125,4.07,6.97,882,3810,4.3,21,0,0,0,0,Y
2000,dandre hardeman,Texas A&M,FB,70,238,4.82,,30,109,4.36,7.27,286,1595,5.6,30,0,0,0,0,N
2000,marlion jackson,Saginaw Valley State (MI),RB,73,242,4.65,24,35.5,125,4.14,7.15,,,,,0,0,0,0,N
2000,ronney jenkins,Northern Arizona,RB,70.5,184,4.51,18,,118,,,380,2040,5.4,24,0,0,0,0,N
2000,morgan kane,Wake Forest,RB,72.8,221,4.63,29,37.5,121,4.16,6.81,647,2550,3.9,17,0,0,0,0,N
2000,curtis keaton,James Madison (VA),RB,70,214,4.41,23,41.5,131,3.93,6.82,88,404,4.6,3,0,0,0,0,Y
2000,dan kendra,Florida State,FB,71.9,251,4.88,24,35,119,,,90,210,2.3,5,0,0,0,0,N
2000,jamal lewis,Tennessee,RB,71.8,240,4.58,23,,,,,487,2677,5.5,17,0,0,0,0,Y
2000,kevin mcdougal,Colorado State,RB,71.4,206,4.66,,32,108,4.12,7.08,471,2898,6.2,26,1,0,1,0,N
2000,rondell mealey,Louisiana State,RB,71.6,212,4.69,,33,120,4.15,6.89,453,2238,4.9,29,0,0,0,0,Y
2000,frank moreau,Louisville,RB,73,231,4.57,23,36,117,,,499,2599,5.2,27,0,0,0,0,Y
2000,sammy morris,Texas Tech,FB,71.9,221,4.68,23,37.5,117,4.21,7.05,169,788,4.7,7,0,0,0,0,Y
2000,chad morton,Southern California,RB,67.6,182,4.52,18,36,121,,,517,2511,4.9,24,0,0,0,0,Y
2000,travis prentice,Miami (OH),RB,71.8,225,4.5,23,37,115,4.4,6.92,1138,5596,4.9,73,1,0,1,0,Y
2000,jr redmond,Arizona State,RB,71.5,216,4.48,,32.5,121,,,612,3223,5.3,32,0,0,0,0,Y
2000,phillip rogers,Georgia Tech,RB,73.1,232,4.73,19,37,124,4.31,7.21,324,1264,3.9,15,0,0,0,0,N
2000,ketric sanford,Houston,RB,67.5,199,4.62,12,32,118,4.3,6.63,743,3636,4.9,28,0,0,0,0,N
2000,aaron shea,Michigan,FB,76.3,253,4.83,,37.5,114,4.3,6.72,27,104,3.9,0,0,0,0,0,Y
2000,paul smith,Texas-El Paso,FB,70.6,220,4.65,25,26.5,111,4.29,7.02,,,,,0,0,0,0,Y
2000,terrelle smith,Arizona State,FB,72,249,5.01,19,32.5,109,4.85,8.38,22,126,5.7,1,0,0,0,0,Y
2000,rashon spikes,North Carolina State,RB,70.5,204,4.84,13,33,113,4.47,7.18,,,,,0,0,0,0,N
2000,shyrone stith,Virginia Tech,RB,67.4,204,4.65,13,35,111,4.14,7.14,459,2360,5.1,21,0,0,0,0,Y
2000,anthony white,Kentucky,RB,72.3,195,4.7,,32.5,118,4.24,7.05,364,1758,4.8,11,0,0,0,0,N
2000,destry wright,Jackson State (MS),RB,71.3,216,4.88,15,29.5,112,4.41,7.15,,,,,0,0,0,0,N
2001,dan alexander,Nebraska,FB,71.9,257,4.48,15,34,115,4.16,7.34,402,2456,6.1,20,0,0,0,0,Y
2001,david allen,Kansas State,RB,68.8,194,4.65,15,31,111,,,168,783,4.7,8,1,1,1,0,N
2001,kevan barlow,Pittsburgh,RB,73.1,235,4.56,,32,,,,486,2324,4.8,20,0,0,0,0,Y
2001,michael bennett,Wisconsin,RB,69.3,207,4.44,13,39.5,130,,,367,1979,5.4,15,0,0,0,0,Y
2001,darvell bivens,Northwestern State (LA),FB,70.1,255,5.03,32,33.5,108,4.38,7.81,,,,,0,0,0,0,N
2001,derrick blaylock,Stephen F. Austin (TX),RB,69.9,194,4.39,18,35.5,119,4.09,7.05,,,,,0,0,0,0,Y
2001,correll buckhalter,Nebraska,RB,73,226,4.53,11,40,,4.06,7.08,413,2522,6.1,27,0,0,0,0,Y
2001,derek combs,Ohio State,RB,72.1,193,4.45,8,35,120,4.07,6.96,274,1231,4.5,9,0,0,0,0,Y
2001,jameel cook,Illinois,FB,69.9,226,4.79,17,29.5,108,4.38,7.55,116,526,4.5,0,0,0,0,0,Y
2001,corey crume,Eastern Kentucky,RB,71.3,225,4.78,15,37,115,4.32,7.36,,,,,0,0,0,0,N
2001,heath evans,Auburn,FB,71.9,246,4.61,30,34.5,111,4.24,7.3,149,626,4.2,6,0,0,0,0,Y
2001,travis henry,Tennessee,RB,69.1,223,4.61,23,35.5,,,,556,3078,5.5,26,0,0,0,0,Y
2001,derek homer,Kentucky,RB,68.4,194,4.58,,32.5,113,4.3,7.24,353,1689,4.8,11,0,0,0,0,N
2001,james jackson,Miami (FL),RB,70.4,210,4.55,,35,,,,541,2950,5.5,31,0,0,0,0,Y
2001,rudi johnson,Auburn,RB,69.6,227,4.57,24,37.5,119,4.22,7.32,324,1567,4.8,13,1,0,1,0,Y
2001,lamont jordan,Maryland,RB,70.3,234,4.57,24,37,,,,807,4147,5.1,36,0,0,0,0,Y
2001,george layne,Texas Christian,FB,71.5,242,4.64,,32,115,4.19,7.08,98,480,4.9,8,0,0,0,0,Y
2001,deuce mcallister,Mississippi,RB,73.1,222,4.41,20,37.5,,,,633,3181,5,38,0,0,0,0,Y
2001,dustin mcclintock,Alabama,FB,73.5,259,5.37,7,30,105,4.58,8.1,73,322,4.4,3,0,0,0,0,N
2001,travis minor,Florida State,RB,70.1,197,4.46,9,32,115,,,664,3218,4.8,28,0,0,0,0,Y
2001,hodges mitchell,Texas,RB,66.6,180,4.53,15,32.5,,,,517,2664,5.2,20,0,0,0,0,N
2001,moran norris,Kansas,FB,72.9,250,4.68,37,31,114,4.5,7.56,199,864,4.3,10,0,0,0,0,Y
2001,marcel shipp,Massachusetts,RB,70.6,222,4.75,18,32.5,115,,,,,,,0,0,0,0,N
2001,anthony thomas,Michigan,RB,73.6,229,4.62,20,32.5,115,4.44,7.48,846,4098,4.8,49,0,0,0,0,Y
2001,ladainian tomlinson,Texas Christian,RB,70.3,221,4.43,18,40.5,124,4.21,6.84,943,5387,5.7,56,1,1,1,0,Y
2001,jamar toombs,Texas A&M,FB,72.3,281,4.72,17,30,,,,350,1360,3.9,26,0,0,0,0,N
2001,deonce whitaker,San Jose State,RB,66,177,4.52,23,36,,,,602,3515,5.8,33,0,0,0,0,N
2001,reggie white,Oklahoma State,RB,71.6,228,4.59,17,37.5,114,4.4,7.48,267,1296,4.9,6,0,0,0,0,N
2002,jonathan adams,Arkansas State,RB,73,219,4.58,15,36.5,120,4.31,6.97,668,3005,4.5,17,0,0,0,0,N
2002,brian allen,Stanford,RB,69,209,4.46,19,33,112,4.08,6.9,482,2117,4.4,13,0,0,0,0,Y
2002,jeremy allen,Iowa,FB,71.8,241,4.6,17,38,122,4.49,7.06,99,438,4.4,4,0,0,0,0,N
2002,damien anderson,Northwestern,RB,70.4,211,4.6,27,33.5,112,4.02,6.93,953,4485,4.7,38,1,1,1,0,N
2002,will bartholomew,Tennessee,FB,71.9,246,4.69,35,38,112,4.09,6.85,20,55,2.8,0,0,0,0,0,N
2002,jarrod baxter,New Mexico,FB,72.6,245,4.74,23,32.5,111,4.27,7.1,463,2102,4.5,19,0,0,0,0,Y
2002,ladell betts,Iowa,RB,70.5,220,4.6,23,38,115,4.06,7.06,832,3686,4.4,25,0,0,0,0,Y
2002,joe burns,Georgia,RB,69,213,4.81,21,31,105,,,614,2634,4.3,31,0,0,0,0,N
2002,demontray carter,Troy (AL),RB,70.1,194,4.58,16,33,115,4.36,7.38,160,801,5,8,0,0,0,0,N
2002,rock cartwright,Kansas State,RB,67.8,237,4.48,30,35,113,4.25,7.18,112,570,5.1,7,0,0,0,0,Y
2002,eric crouch,Nebraska,RB,71.9,195,4.49,,36,112,4.02,6.87,648,3434,5.3,59,1,0,1,1,Y
2002,kori dickerson,Southern California,FB,76.1,240,4.72,22,34,110,4.51,7.34,1,2,2,0,0,0,0,0,N
2002,omar easy,Penn State,FB,73,244,4.51,21,40,122,4.12,7.25,155,659,4.3,5,0,0,0,0,Y
2002,tony fisher,Notre Dame,RB,74,226,4.66,21,41.5,126,4.13,7,384,1849,4.8,15,0,0,0,0,N
2002,delvon flowers,Arizona State,RB,72,207,4.64,15,35.5,115,,,268,1553,5.8,16,0,0,0,0,N
2002,littlejohn flowers,Michigan State,RB,71.4,214,4.75,19,34,109,4.08,7.09,,,,,0,0,0,0,N
2002,deshaun foster,UCLA,RB,73,222,4.57,20,35.5,119,4.16,6.82,696,3087,4.4,39,0,0,0,0,Y
2002,paris gaines,Frenso State (CA),FB,71.6,228,4.67,14,,,,,509,2322,4.6,14,0,0,0,0,N
2002,lamar gordon,North Dakota State,RB,72.6,214,4.59,16,34,115,,,,,,,0,0,0,0,Y
2002,william green,Boston College,RB,72.3,221,4.65,27,42,121,,,501,2974,5.9,33,1,1,1,0,Y
2002,joe hall,Kansas State,FB,73.8,277,5,22,28,107,,,160,864,5.4,9,0,0,0,0,N
2002,verron haynes,Georgia,FB,70,224,4.78,25,31.5,117,4.08,7.27,137,738,5.4,8,0,0,0,0,Y
2002,ennis haywood,Iowa State,RB,70.1,218,4.76,12,35,112,4.14,7.08,572,2862,5,27,0,0,0,0,N
2002,leonard henry,East Carolina (NC),RB,72.9,206,4.61,26,35,105,4.29,7.11,519,3089,6,29,0,0,0,0,Y
2002,maurice hicks,North Carolina A&T,RB,70,200,4.64,19,,,,,,,,,0,0,0,0,N
2002,dameon hunter,Utah,RB,70.6,219,4.66,,30.5,106,,,346,1735,5,10,0,0,0,0,N
2002,kyle johnson,Syracuse,FB,72.6,242,4.68,22,34,112,4.35,7.4,101,466,4.6,8,0,0,0,0,Y
2002,jamar martin,Ohio State,FB,71,245,4.89,23,32,108,4.34,7.53,61,226,3.7,4,0,0,0,0,Y
2002,eric mccoo,Penn State,RB,70,214,4.55,14,32.5,111,,,497,2518,5.1,18,0,0,0,0,N
2002,dicenzo miller,Mississippi State,RB,70.1,215,4.98,8,31,105,4.39,7.25,404,2200,5.4,17,0,0,0,0,N
2002,dave minnich,Washington State,RB,71,218,4.72,12,33.5,114,,,357,1569,4.4,10,0,0,0,0,N
2002,maurice morris,Oregon,RB,71.4,208,4.51,23,36.5,117,,,466,2237,4.8,17,0,0,0,0,Y
2002,larry ned,San Diego State,RB,70.8,219,4.62,15,34.5,119,,7.12,765,3562,4.7,36,0,0,0,0,Y
2002,adrian peterson,Georgia Southern,RB,70,214,4.69,14,34,117,4.6,7.59,748,4041,5.4,41,1,1,1,0,Y
2002,tellis redmon,Minnesota,RB,71,210,4.61,20,32,113,4.14,7.08,444,2235,5,13,0,0,0,0,N
2002,josh scobey,Kansas State,RB,71.4,218,4.44,21,40.5,122,3.93,6.96,409,1981,4.8,31,0,0,0,0,Y
2002,charles stackhouse,Mississippi,FB,73.9,252,4.98,20,29,109,4.53,7.63,127,555,4.4,6,0,0,0,0,N
2002,travis stephens,Tennessee,RB,68.1,194,4.59,15,32,121,,,488,2336,4.8,21,0,0,0,0,Y
2002,chester taylor,Toledo,RB,70.8,213,4.64,22,33,111,,,803,4646,5.8,55,0,0,0,0,Y
2002,lew thomas,Vanderbilt,RB,69.5,210,4.59,17,36,113,4.21,6.87,194,1038,5.4,6,0,0,0,0,N
2002,brian westbrook,Villanova,RB,68.4,200,4.59,26,37,118,,7.09,,,,,0,0,0,0,Y
2002,leveron williams,Indiana,RB,75.1,224,4.66,16,,,,,,,,,0,0,0,0,N
2002,ricky williams,Texas Tech,RB,67.3,190,4.48,19,32.5,108,,,789,3656,4.6,36,0,0,0,0,N
2003,santonio beard,Alabama,RB,71.6,222,4.59,,31.5,119,,,242,1444,6,16,0,0,0,0,N
2003,kerry carter,Stanford,RB,73.9,238,4.67,20,36,118,4.34,7.28,538,2039,3.8,23,0,0,0,0,N
2003,avon cobourne,West Virginia,RB,67.5,205,4.7,21,31.5,112,4.12,7.2,1023,5039,4.9,43,0,0,0,0,N
2003,chris davis,Syracuse,FB,71.5,235,4.55,21,38.5,116,4.34,7.23,73,230,3.2,7,0,0,0,0,Y
2003,domanick davis,Louisiana State,RB,69,213,4.64,22,32.5,112,4.46,7.31,455,2056,4.5,20,0,0,0,0,Y
2003,dahrran diedrick,Nebraska,RB,72.1,228,4.65,19,37,117,4.42,7.3,502,2745,5.5,26,0,0,0,0,N
2003,brandon drumm,Colorado,FB,73.4,233,4.74,21,32.5,113,4.24,7.18,23,161,7,4,0,0,0,0,Y
2003,justin fargas,Southern California,RB,72.9,219,4.41,27,,137,,,256,1077,4.2,8,0,0,0,0,Y
2003,ahmaad galloway,Alabama,RB,71.8,223,4.65,22,,,,,376,1830,4.9,17,0,0,0,0,Y
2003,earnest graham,Florida,RB,69.1,225,4.5,22,,,,,609,3085,5.1,33,0,0,0,0,N
2003,quentin griffin,Oklahoma,RB,67,195,4.49,21,38,123,4.02,,713,3796,5.3,44,0,0,0,0,Y
2003,justin griffith,Mississippi State,FB,71.3,232,4.63,29,32,113,4.59,7.71,213,852,4,10,0,0,0,0,Y
2003,dwone hicks,Middle Tennessee State,RB,69.6,222,4.6,29,34,115,4.37,7.38,600,3613,6,53,1,0,1,0,N
2003,jeremi johnson,Indiana,FB,71,260,4.9,20,29,103,,,184,931,5.1,11,0,0,0,0,Y
2003,larry johnson,Penn State,RB,74.4,214,4.55,19,,,,,460,2953,6.4,26,1,1,1,0,Y
2003,tom lopienski,Notre Dame,FB,71.8,246,4.75,24,34,111,4.24,7.53,64,205,3.2,1,0,0,0,0,N
2003,nick maddox,Florida State,RB,71,211,4.65,18,33.5,115,4.5,7.33,240,1221,5.1,7,0,0,0,0,N
2003,sultan mccullough,Southern California,RB,71.4,202,4.49,27,,,,,611,2800,4.6,20,0,0,0,0,N
2003,casey moore,Stanford,FB,73.9,240,4.67,22,32.5,114,4.26,7.29,158,961,6.1,11,0,0,0,0,Y
2003,ovie mughelli,Wake Forest,FB,73.1,255,4.73,,31.5,114,4.32,7.78,137,530,3.9,13,0,0,0,0,Y
2003,andrew pinnock,South Carolina,FB,70.1,265,4.62,22,,,,,422,1852,4.4,27,0,0,0,0,Y
2003,musa smith,Georgia,RB,72.8,232,4.45,,35.5,123,,,454,2202,4.9,19,0,0,0,0,Y
2003,onterrio smith,Oregon,RB,69.9,220,4.48,19,,,,,450,2388,5.3,23,0,0,0,0,Y
2003,labrandon toefield,Louisiana State,RB,70.9,233,4.6,19,,,,,511,2149,4.2,26,0,0,0,0,Y
2003,derek watson,South Carolina,RB,73,212,4.63,15,34,114,4.2,7.35,437,2078,4.8,16,0,0,0,0,N
2003,derrick watson,South Carolina,RB,73,212,4.63,15,34,114,4.2,7.35,,,,,0,0,0,0,N
2004,rich alexis,Washington,RB,72,210,4.65,,32,114,4.43,7.41,583,2383,4.1,28,0,0,0,0,N
2004,tatum bell,Oklahoma State,RB,71,212,4.39,25,38.5,117,,,634,3409,5.4,34,0,0,0,0,Y
2004,ran carthon,Florida,RB,71.4,224,4.45,22,34.5,112,4.12,,270,1353,5,11,0,0,0,0,N
2004,cedric cobbs,Arkansas,RB,72.1,223,4.72,,40,123,,,589,3018,5.1,26,0,0,0,0,Y
2004,duron croson,Fort Valley State (GA),RB,72.8,226,4.84,14,30.5,108,,,,,,,0,0,0,0,N
2004,josh davis,Nebraska,RB,70.4,200,4.53,13,33.5,112,4.07,7.27,172,826,4.8,4,0,0,0,0,N
2004,joe echemandu,California,RB,70.8,226,4.58,15,,,,,,,,,0,0,0,0,N
2004,clarence farmer,Arizona,RB,71.9,231,4.69,21,34.5,120,4.25,7.44,521,2530,4.9,19,0,0,0,0,N
2004,troy fleming,Tennessee,FB,72,230,4.67,,32,120,3.91,6.94,84,342,4.1,1,0,0,0,0,Y
2004,julius jones,Notre Dame,RB,69.8,217,4.46,,37.5,121,4.12,6.97,634,3018,4.8,26,0,0,0,0,Y
2004,kevin jones,Virginia Tech,RB,72.1,227,4.38,,38,120,,,616,3475,5.6,35,1,1,1,0,Y
2004,mike karney,Arizona State,FB,71.4,254,5.02,25,30,103,,,32,78,2.4,0,0,0,0,0,Y
2004,derrick knight,Boston College,RB,68.8,209,4.73,16,31.5,108,,,708,3725,5.3,25,0,0,0,0,N
2004,mewelde moore,Tulane (LA),RB,70.6,209,4.62,,35,118,4.12,7.05,909,4364,4.8,21,0,0,0,0,Y
2004,jarrett payton,Miami (FL),RB,72.1,220,4.61,,31,115,4.31,7.34,299,1496,5,10,0,0,0,0,N
2004,chris perry,Michigan,RB,72,224,4.55,19,,,,,794,3657,4.6,39,1,1,1,0,Y
2004,lousaka polite,Pittsburgh,FB,71.6,246,4.65,28,32,117,4.18,7.45,180,655,3.6,4,0,0,0,0,N
2004,fred russell,Iowa,RB,67,195,4.51,21,34,121,4.3,7.09,523,2760,5.3,17,0,0,0,0,N
2004,thomas tapeh,Minnesota,FB,73.4,245,4.77,23,32.5,114,4.52,7.65,410,1958,4.8,24,0,0,0,0,Y
2004,michael turner,Northern Illinois,RB,70.5,237,4.49,22,31,114,4.15,7.5,940,4941,5.3,43,0,0,0,0,Y
2004,alex wade,Duke,FB,72.4,248,4.97,22,32.5,114,4.41,7.5,343,1546,4.5,11,0,0,0,0,N
2004,shaud williams,Alabama,RB,67.5,193,4.71,15,34,114,4.15,7.01,577,3169,5.5,28,0,0,0,0,N
2004,quincy wilson,West Virginia,RB,69.4,225,4.6,26,33.5,118,4.36,7.68,474,2608,5.5,20,0,0,0,0,Y
2004,travis wilson,Kansas State,FB,75.5,256,4.85,25,33,109,4.36,7.56,30,163,5.4,1,0,0,0,0,N
2004,renaldo works,Oklahoma,RB,72,222,4.72,21,30.5,115,4.09,7.25,315,1554,4.9,21,0,0,0,0,N
2004,jason wright,Northwestern,RB,70.4,210,4.66,,30,111,4.12,7.35,489,2625,5.4,32,0,0,0,0,N
2005,jj arrington,California,RB,68.88,214,4.45,18,35,116,4.1,6.81,396,2625,6.6,20,1,1,1,0,Y
2005,marion barber,Minnesota,RB,71.38,221,4.53,20,40,122,,,656,3087,4.7,33,0,0,0,0,Y
2005,decori birmingham,Arkansas,RB,69.75,210,4.59,14,34.5,115,4.28,7.13,233,1151,4.9,7,0,0,0,0,N
2005,nehemiah broughton,Citadel (SC),RB,71.5,250,4.61,25,30,108,4.28,7.54,,,,,0,0,0,0,Y
2005,ronnie brown,Auburn,RB,72.25,233,4.46,18,34,117,4.08,7.1,513,2707,5.3,28,0,0,0,0,Y
2005,maurice clarett,Ohio State,RB,71.63,234,4.84,22,34,113,,,222,1237,5.6,16,0,0,0,0,Y
2005,deandra cobb,Michigan State,RB,69.8,196,4.53,17,34,118,4.25,7.13,134,900,6.7,4,0,0,0,0,Y
2005,anthony davis,Wisconsin,RB,66.6,200,4.53,18,38,119,,7.39,908,4676,5.1,42,0,0,0,0,Y
2005,kevin dudley,Michigan,FB,72.5,238,4.96,19,30,109,4.56,7.25,3,13,4.3,0,0,0,0,0,N
2005,lionel gates,Louisville,RB,71.6,222,4.72,23,36,118,4.1,7.17,319,1486,4.7,20,0,0,0,0,Y
2005,ryan grant,Notre Dame,RB,73.1,215,4.5,17,33.5,115,4.12,7.08,560,2220,4,18,0,0,0,0,N
2005,justin green,Montana,FB,71.38,251,4.91,23,31,106,4.21,7.24,,,,,0,0,0,0,Y
2005,kayjay harris,West Virginia,RB,72.4,241,4.6,,38,119,4.1,7.2,,,,,0,0,0,0,N
2005,alex haynes,Central Florida,RB,69.9,223,4.54,21,32.5,,,,742,3356,4.5,27,0,0,0,0,N
2005,madison hedgecock,North Carolina,FB,75,266,4.92,29,32.5,106,4.24,7.41,34,130,3.8,2,0,0,0,0,Y
2005,noah herron,Northwestern,RB,71,224,4.67,17,31,107,3.97,6.95,462,2524,5.5,26,0,0,0,0,Y
2005,ray hudson,Alabama,RB,69.8,192,4.5,15,,,,,278,1639,5.9,7,0,0,0,0,N
2005,brandon jacobs,Southern Illinois,RB,76.3,267,4.56,19,37,118,4.46,7.53,,,,,0,0,0,0,Y
2005,keith joseph,Texas A&M,FB,73.88,254,4.73,27,33,113,4.2,7.43,184,660,3.6,9,0,0,0,0,N
2005,ta mclendon,North Carolina State,RB,70.3,235,4.74,27,35,115,4.19,7.34,542,2479,4.6,33,0,0,0,0,N
2005,ryan moats,Louisiana Tech,RB,68.3,210,4.49,19,36,116,4.1,7.22,499,3112,6.2,28,1,0,1,0,Y
2005,vernand morency,Oklahoma State,RB,69.6,212,4.51,19,33.5,108,4.12,7.02,451,2661,5.9,23,0,0,0,0,Y
2005,alvin pearman,Virginia,RB,69.4,208,4.65,24,34,112,4.08,7.06,500,2394,4.8,19,0,0,0,0,Y
2005,bobby purify,Colorado,RB,73,212,4.67,15,33.5,116,4.17,7.22,617,3096,5,20,0,0,0,0,N
2005,walter reyes,Syracuse,RB,70,209,4.52,16,32,108,4.38,7.23,625,3424,5.5,45,0,0,0,0,N
2005,eric shelton,Louisville,RB,73.5,246,4.57,,38.5,122,4.08,7.46,312,1728,5.5,30,0,0,0,0,Y
2005,darren sproles,Kansas State,RB,66.1,187,4.49,23,33,102,3.96,6.96,815,4979,6.1,45,0,0,0,0,Y
2005,zach tuiasosopo,Washington,FB,73.75,249,5.03,19,25.5,100,4.67,7.57,49,183,3.7,2,0,0,0,0,N
2005,carnell williams,Auburn,RB,71,217,4.43,19,35.5,118,4.17,6.95,741,3831,5.2,45,0,0,0,0,N
2006,joseph addai,Louisiana State,RB,71.25,214,4.43,18,37,125,4.47,7.09,490,2576,5.3,18,0,0,0,0,Y
2006,mike bell,Arizona,RB,72.25,221,4.62,19,31.5,112,4.21,7.16,679,3154,4.6,17,0,0,0,0,N
2006,matt bernstein,Wisconsin,FB,72.38,260,4.93,22,29.5,110,4.5,7.46,138,508,3.7,5,0,0,0,0,N
2006,brian calhoun,Wisconsin,RB,69.25,201,4.6,18,31.5,124,4.2,7.05,619,2760,4.5,27,0,0,0,0,Y
2006,pj daniels,Georgia Tech,RB,70.13,214,4.66,21,33,116,4.4,7.13,707,3346,4.7,23,0,0,0,0,Y
2006,maurice drew,UCLA,RB,66.8,207,4.44,18,36,116,4.38,7.08,481,2503,5.2,26,1,1,1,0,N
2006,quinton ganther,Utah,RB,69.5,218,4.56,29,35,119,,7.19,314,1774,5.6,9,0,0,0,0,Y
2006,marques hagans,Virginia,RB,69.38,202,4.64,,35,114,4.38,7.03,239,902,3.8,11,0,0,0,0,Y
2006,andre hall,South Florida,RB,68.5,208,4.45,18,33,113,,7.38,480,2731,5.7,24,0,0,0,0,N
2006,gilbert harris,Arizona,FB,73.63,235,4.8,20,36,117,4.38,7,167,633,3.8,8,0,0,0,0,N
2006,jerome harrison,Washington State,RB,69.25,201,4.49,19,34.5,124,4.07,6.77,482,2800,5.8,25,1,1,1,0,Y
2006,taurean henderson,Texas Tech,RB,69.5,204,4.68,,32.5,112,4.4,7.01,587,3241,5.5,50,0,0,0,0,N
2006,cedric humes,Virginia Tech,RB,72.88,227,4.68,18,30.5,106,4.22,7.07,373,1805,4.8,21,0,0,0,0,Y
2006,david kirtman,Southern California,FB,71.5,233,4.77,,29.5,106,4.31,7.18,21,94,4.5,1,0,0,0,0,Y
2006,wali lundy,Virginia,RB,71,214,4.52,18,35,111,4.36,6.99,742,3193,4.3,43,0,0,0,0,Y
2006,wendell mathis,Frenso State (CA),RB,71.38,210,4.54,20,33,117,4.22,6.93,412,2358,5.7,27,0,0,0,0,N
2006,garrett mills,Tulsa (OK),FB,73.13,241,4.65,23,35.5,111,4.05,6.81,,,,,0,0,0,0,Y
2006,dontrell moore,New Mexico,RB,69.75,210,4.65,18,32,116,4.32,7.1,1014,4956,4.9,51,1,0,1,0,N
2006,jerious norwood,Mississippi State,RB,71.63,210,4.4,15,36.5,122,4.25,6.81,573,3222,5.6,15,0,0,0,0,Y
2006,cory ross,Nebraska,RB,66.25,201,4.59,15,,,,,597,2743,4.6,17,0,0,0,0,N
2006,derrick ross,Tarleton State (TX),RB,70.5,226,4.61,20,35,112,4.35,7,,,,,0,0,0,0,N
2006,naufahu tahi,Brigham Young,FB,71.88,254,4.88,35,29,101,4.7,7.72,224,913,4.1,12,0,0,0,0,N
2006,lawrence vickers,Colorado,FB,72.3,245,4.9,21,30.5,104,4.63,7.74,171,635,3.7,12,0,0,0,0,Y
2006,leon washington,Florida State,RB,67.88,201,4.49,17,32.5,105,4.37,6.94,369,2041,5.5,12,0,0,0,0,Y
2006,terrence whitehead,Oregon,RB,70.13,209,4.73,,30.5,108,4.27,7.21,611,2832,4.6,18,0,0,0,0,N
2006,deangelo williams,Memphis,RB,69,214,4.49,25,35.5,121,,,969,6026,6.2,55,1,0,1,0,Y
2007,cory anderson,Tennessee,FB,74.25,247,4.71,19,37,115,4.35,7.37,13,74,5.7,1,0,0,0,0,N
2007,deon anderson,Connecticut,FB,70.75,243,4.75,23,33,114,4.43,7.27,114,420,3.7,1,0,0,0,0,Y
2007,lorenzo booker,Florida State,RB,70.38,191,4.5,26,35.5,121,,,497,2389,4.8,15,0,0,0,0,Y
2007,ahmad bradshaw,Marshall (WV),RB,69.5,198,4.61,,34,112,4.09,6.7,558,2982,5.3,31,0,0,0,0,Y
2007,eldra buckley,Tennessee-Chattanooga,RB,69.5,202,4.61,14,35.5,120,4.43,7.71,,,,,0,0,0,0,N
2007,thomas clayton,Kansas State,RB,70.25,218,4.66,23,36.5,121,,,232,1075,4.6,7,0,0,0,0,Y
2007,alonzo coleman,Hampton (VA),RB,69.88,207,4.5,27,,120,,,,,,,0,0,0,0,N
2007,jon cornish,Kansas,RB,71.5,206,4.65,,34,118,,7.09,387,2245,5.8,17,0,0,0,0,N
2007,kenneth darby,Alabama,RB,70.38,211,4.76,19,30,108,4.53,7.25,702,3324,4.7,11,0,0,0,0,Y
2007,chris henry,Arizona,RB,71.25,230,4.41,26,36,127,4.14,6.96,269,892,3.3,9,0,0,0,0,Y
2007,nate ilaoa,Hawaii,RB,68.88,245,4.79,25,30,103,4.42,7.1,222,1689,7.6,20,0,0,0,0,Y
2007,kenny irons,Auburn,RB,70.63,203,4.5,11,29.5,111,4.17,7.18,520,2438,4.7,18,0,0,0,0,Y
2007,brandon jackson,Nebraska,RB,69.88,210,4.56,21,37,122,4.14,7,291,1431,4.9,14,0,0,0,0,Y
2007,brian leonard,Rutgers,RB,73.5,226,4.54,28,34.5,122,4.22,6.88,678,2775,4.1,32,0,0,0,0,Y
2007,marshawn lynch,California,RB,71.13,215,4.48,20,35.5,125,4.55,7.05,490,3230,6.6,29,1,0,1,0,Y
2007,leron mcclain,Alabama,FB,72.13,256,4.9,14,29.5,113,4.47,7.14,37,170,4.6,2,0,0,0,0,Y
2007,tyrone moss,Miami (FL),RB,69.13,231,4.8,16,31,107,4.56,,412,1942,4.7,26,0,0,0,0,N
2007,adrian peterson,Oklahoma,RB,73.5,217,4.41,,38.5,127,4.4,7.09,748,4041,5.4,41,1,1,1,0,Y
2007,antonio pittman,Ohio State,RB,70.75,207,4.42,16,35.5,123,4.16,6.84,557,2945,5.3,22,0,0,0,0,Y
2007,gijon robinson,Missouri Western,FB,72.75,255,4.76,21,33,116,4.43,7.23,,,,,0,0,0,0,N
2007,gary russell,Minnesota,RB,70.38,229,4.84,9,31.5,113,4.54,,210,1274,6.1,18,0,0,0,0,N
2007,derek schouman,Boise State,FB,74.25,247,4.77,27,37.5,122,4.27,7,,,,,0,0,0,0,Y
2007,kolby smith,Louisville,RB,71.25,220,4.52,18,38,114,4.34,7.22,316,1863,5.9,18,0,0,0,0,Y
2007,jason snelling,Virginia,FB,71.1,230,4.81,,30,111,4.37,7.06,276,1324,4.8,10,0,0,0,0,Y
2007,ramonce taylor,Texas College,RB,70.13,195,4.5,,34,125,4.23,6.98,104,797,7.7,13,0,0,0,0,N
2007,darius walker,Notre Dame,RB,70,206,4.56,19,40.5,123,4.39,7.18,693,3249,4.7,23,0,0,0,0,N
2007,garrett wolfe,Northern Illinois,RB,67.5,186,4.4,22,35.5,116,4.08,6.69,807,5164,6.4,52,1,0,1,0,Y
2007,dwayne wright,Frenso State (CA),RB,71.5,228,4.69,14,34,115,4.43,7.23,501,2683,5.4,16,0,0,0,0,Y
2007,deshawn wynn,Florida,RB,70.38,232,4.49,,31.5,115,,,446,2077,4.7,25,0,0,0,0,Y
2008,anthony alridge,Houston,RB,69,170,4.41,,30.5,134,,6.88,363,2595,7.1,22,0,0,0,0,N
2008,yvenson bernard,Oregon State,RB,68.38,204,4.87,,29.5,112,4.73,7.22,876,3862,4.4,38,0,0,0,0,N
2008,cory boyd,South Carolina,RB,72.5,213,4.56,25,33.5,118,4.24,6.97,464,2267,4.9,23,0,0,0,0,Y
2008,thomas brown,Georgia,RB,68.38,204,4.56,25,36,128,,7.17,529,2646,5,23,0,0,0,0,Y
2008,jehuu caulcrick,Michigan State,FB,72,254,4.71,16,33,109,4.72,7.4,532,2395,4.5,39,0,0,0,0,N
2008,jamaal charles,Texas,RB,71,200,4.41,,30.5,122,4.22,6.8,533,3328,6.2,36,0,0,0,0,Y
2008,tashard choice,Georgia Tech,RB,70.5,215,4.5,20,34,119,,6.88,697,3465,5,28,0,0,0,0,Y
2008,jerome felton,Furman (SC),FB,71.63,241,4.8,30,32.5,110,4.46,7.2,,,,,0,0,0,0,Y
2008,matt forte,Tulane (LA),RB,74,217,4.44,23,33,118,4.23,6.84,833,4265,5.1,39,0,0,0,0,Y
2008,benjarvus greenellis,Mississippi,RB,70.63,219,4.66,24,30.5,114,,,,,,,0,0,0,0,N
2008,mike hart,Michigan,RB,68.88,206,4.77,23,28,110,,,,,,,0,0,0,0,Y
2008,jacob hester,Louisiana State,FB,70.63,226,4.62,23,27.5,111,4.24,6.85,364,1780,4.9,20,0,0,0,0,Y
2008,lex hilliard,Montana,FB,71.13,231,4.69,,32,122,4.2,7.01,,,,,0,0,0,0,Y
2008,peyton hillis,Arkansas,FB,72.75,240,4.67,26,30.5,117,,7.15,203,959,4.7,12,0,0,0,0,Y
2008,chris johnson,East Carolina (NC),RB,71,197,4.3,,35,130,,,624,2982,4.8,32,0,0,0,0,Y
2008,felix jones,Arkansas,RB,70.13,207,4.5,,33.5,124,4.19,6.9,386,2956,7.7,20,1,1,1,0,Y
2008,kregg lumpkin,Georgia,RB,71.5,226,4.73,22,28,111,,,352,1700,4.8,15,0,0,0,0,N
2008,darren mcfadden,Arkansas,RB,73.25,211,4.38,,33,128,,,785,4590,5.8,41,1,1,1,0,Y
2008,kalvin mcrae,Ohio,RB,69.13,203,4.76,,25.5,109,,,903,4398,4.9,45,0,0,0,0,N
2008,rashard mendenhall,Illinois,RB,70.13,225,4.45,26,33.5,117,4.18,,388,2539,6.5,22,1,0,1,0,Y
2008,xavier omon,Northwest Missouri State,RB,70.75,228,4.62,17,31,112,,,,,,,0,0,0,0,Y
2008,jalen parmele,Toledo,RB,71.5,224,4.55,19,34,125,4.29,6.96,589,3119,5.3,28,0,0,0,0,Y
2008,ray rice,Rutgers,RB,68,199,4.46,23,31.5,119,4.2,6.65,910,4926,5.4,49,0,0,0,0,Y
2008,dantrell savage,Oklahoma State,RB,68.25,187,4.6,13,32.5,117,,,349,2092,6,17,0,0,0,0,N
2008,owen schmitt,West Virginia,FB,74,247,4.8,26,,,,,160,1003,6.3,13,0,0,0,0,Y
2008,chad simpson,Morgan State (MD),RB,68.63,216,4.43,,32.5,124,,,17,86,5.1,0,0,0,0,0,N
2008,steve slaton,West Virginia,RB,69.13,197,4.49,19,33.5,118,,,664,3923,5.9,50,1,1,1,0,Y
2008,kevin smith,Central Florida,RB,73.13,217,4.56,,32,120,4.49,6.74,905,4679,5.2,45,1,1,1,0,Y
2008,carl stewart,Auburn,FB,73,230,4.7,30,39,134,4.5,7.12,128,482,3.8,9,0,0,0,0,N
2008,jonathan stewart,Oregon,RB,70.25,235,4.48,28,36.5,128,4.53,7.44,516,2891,5.6,27,0,0,0,0,Y
2008,marcus thomas,Texas-El Paso,RB,72.25,213,4.62,21,30,116,,,569,2615,4.6,26,0,0,0,0,Y
2008,ryan torain,Arizona State,RB,72.38,222,4.68,21,34,120,,,333,1782,5.4,12,0,0,0,0,Y
2009,kahlil bell,UCLA,RB,70.75,212,4.74,15,34.5,114,4.2,6.87,395,1741,4.4,17,0,0,0,0,N
2009,marquez branson,Central Arkansas,FB,74.13,247,4.69,22,35,109,,,,,,,0,0,0,0,N
2009,andre brown,North Carolina State,RB,72.13,224,4.37,24,37,115,4.33,7.35,523,2539,4.9,22,0,0,0,0,Y
2009,donald brown,Connecticut,RB,70.25,210,4.46,,41.5,125,4.1,6.93,698,3800,5.4,33,1,0,1,0,Y
2009,james casey,Rice (TX),FB,75,246,4.74,28,36,111,4.48,7,102,362,3.5,11,0,0,0,0,Y
2009,glen coffee,Alabama,RB,72.13,209,4.5,24,36,121,4.51,7.35,410,2107,5.1,14,0,0,0,0,Y
2009,jason cook,Mississippi,FB,71.25,244,4.71,21,,,,,6,12,2,0,0,0,0,0,N
2009,james davis,Clemson,RB,71,218,4.55,17,32,109,4.37,7.15,753,3881,5.2,47,0,0,0,0,Y
2009,tony fiammetta,Syracuse,FB,72.13,245,4.58,30,34,112,4.49,7.31,16,89,5.6,0,0,0,0,0,Y
2009,arian foster,Tennessee,RB,72.75,226,4.68,23,,,,,650,2964,4.6,23,0,0,0,0,N
2009,mike goodson,Texas A&M,RB,71.88,208,4.46,14,39.5,118,4.22,6.89,374,1964,5.3,13,0,0,0,0,Y
2009,shonn greene,Iowa,RB,70.5,227,4.62,19,37,121,4.4,7.1,376,2228,5.9,22,1,1,1,0,Y
2009,rashad jennings,Liberty (VA),RB,73,231,4.59,29,34,120,4.2,6.86,86,411,4.8,1,0,0,0,0,Y
2009,david johnson,Arkansas State,FB,73.5,260,4.73,21,32.5,113,4.43,7.28,,,,,0,0,0,0,Y
2009,gartrell johnson,Colorado State,RB,70.25,219,4.75,20,34,114,,,472,2471,5.2,18,0,0,0,0,Y
2009,ian johnson,Boise State,RB,71.25,212,4.41,26,33,116,4.18,6.93,753,4183,5.6,58,0,0,0,0,N
2009,jeremiah johnson,Oregon,RB,68.88,209,4.62,20,35,115,,,349,2336,6.7,30,0,0,0,0,N
2009,quinn johnson,Louisiana State,FB,72.75,246,4.82,16,32,115,,,16,34,2.1,3,0,0,0,0,Y
2009,anthony kimble,Stanford,RB,72.25,216,4.6,17,36,122,4.4,7.08,415,1940,4.7,18,0,0,0,0,N
2009,marlon lucky,Nebraska,RB,71.38,216,4.5,18,33.5,114,,7.1,515,2393,4.6,22,0,0,0,0,N
2009,marcus mailei,Weber State (UT),FB,71.75,248,4.87,22,35,113,4.33,7.36,,,,,0,0,0,0,N
2009,knowshon moreno,Georgia,RB,70.63,217,4.5,25,35.5,115,4.27,6.84,498,2734,5.5,30,0,0,0,0,Y
2009,chris ogbonnaya,Texas,RB,71.75,220,4.57,19,35,111,4.29,6.85,140,597,4.3,8,0,0,0,0,Y
2009,branden ore,West Liberty (WV),RB,70.88,214,4.61,21,36,112,4.44,7.35,617,2776,4.5,31,0,0,0,0,N
2009,cedric peerman,Virginia,RB,69.5,216,4.34,27,40,117,4.29,6.99,382,1749,4.6,15,0,0,0,0,Y
2009,javon ringer,Michigan State,RB,69.13,205,4.55,23,34,115,4.11,6.87,843,4398,5.2,34,1,1,1,0,Y
2009,bernard scott,Abilene Christian (TX),RB,70.25,200,4.44,21,36,125,4.08,6.82,,,,,0,0,0,0,Y
2009,kory sheets,Purdue,RB,71.13,208,4.39,15,37,121,4.39,7.18,664,3341,5,48,0,0,0,0,N
2009,brannan southerland,Georgia,FB,72,242,4.69,28,38,120,4.4,7.4,83,170,2,17,0,0,0,0,N
2009,tyrell sutton,Northwestern,RB,68,211,4.68,,33,114,4.32,6.94,731,3886,5.3,31,0,0,0,0,N
2009,chris wells,Ohio State,RB,73,235,4.52,25,33.5,128,,,585,3382,5.8,30,0,0,0,0,N
2009,eddie williams,Idaho,FB,73,239,4.79,23,,,,,19,195,10.3,3,0,0,0,0,Y
2009,javarris williams,Tennessee State,RB,70,223,4.51,25,33.5,116,,,,,,,0,0,0,0,Y
2010,joique bell,Wayne State (MI),RB,71.25,220,4.68,,36.5,120,4.17,6.84,,,,,0,0,0,0,N
2010,jahvid best,California,RB,70.13,199,4.34,18,32.5,113,4.17,6.75,364,2668,7.3,29,0,0,0,0,Y
2010,legarrette blount,Oregon,RB,72.5,241,4.7,18,35,117,4.49,6.85,159,1084,6.8,19,0,0,0,0,N
2010,chris brown,Oklahoma,RB,70.38,210,4.55,17,36,115,,,627,2923,4.7,42,0,0,0,0,N
2010,john conner,Kentucky,FB,71.13,246,4.64,24,35,111,4.32,7.15,54,247,4.6,4,0,0,0,0,Y
2010,andre dixon,Connecticut,RB,72.75,205,4.56,,40,117,4.19,6.99,415,1958,4.7,17,0,0,0,0,N
2010,anthony dixon,Mississippi State,RB,72.75,233,4.67,15,33,121,4.49,7.09,910,3994,4.4,42,0,0,0,0,Y
2010,jonathan dwyer,Georgia Tech,RB,71.25,229,4.64,15,33,107,4.67,7.56,517,3226,6.2,35,1,0,1,0,Y
2010,riar geer,Colorado,FB,74.88,256,5,13,33,106,4.29,7.13,,,,,0,0,0,0,N
2010,toby gerhart,Stanford,RB,72,231,4.5,22,38,118,4.25,6.94,671,3522,5.2,44,1,1,1,0,Y
2010,clay harbor,Missouri State,FB,74.63,252,4.62,30,40,120,4.37,,,,,,0,0,0,0,Y
2010,montario hardesty,Tennessee,RB,71.75,225,4.49,21,41,124,4.14,6.87,560,2391,4.3,26,0,0,0,0,Y
2010,rashawn jackson,Virginia,FB,73,239,4.75,,34.5,117,,,132,595,4.5,2,0,0,0,0,N
2010,brandon james,Florida,RB,67,186,4.47,14,,,,,61,302,5,2,1,1,1,0,N
2010,javarris james,Miami (FL),RB,73,215,4.58,21,36,115,,,505,2162,4.3,18,0,0,0,0,N
2010,stafon johnson,Southern California,RB,70.88,214,4.62,13,35.5,118,,,271,1552,5.7,19,0,0,0,0,N
2010,darius marshall,Marshall (WV),RB,69.25,190,4.59,14,35.5,109,4.39,,574,2857,5,19,0,0,0,0,N
2010,ryan mathews,Frenso State (CA),RB,71.63,218,4.37,19,36,121,4.33,7,,,,,0,0,0,0,Y
2010,joe mcknight,Southern California,RB,71.38,198,4.4,18,36.5,120,,,347,2213,6.4,13,0,0,0,0,Y
2010,shawnbrey mcneal,Southern Methodist (TX),RB,69.13,194,4.53,14,36,117,,,269,1340,5,15,0,0,0,0,N
2010,lonyae miller,Frenso State (CA),RB,71.5,221,4.43,26,36.5,120,4.54,7.2,374,2062,5.5,20,0,0,0,0,N
2010,pat paschall,North Dakota State,RB,71.63,209,4.65,15,38.5,118,4.33,7.02,,,,,0,0,0,0,N
2010,charles scott,Louisiana State,RB,71.38,238,4.68,,30.5,111,4.47,6.98,424,2317,5.5,32,0,0,0,0,Y
2010,cj spiller,Clemson,RB,70.63,196,4.27,18,,,,,606,3547,5.9,32,1,1,1,0,Y
2010,james starks,Buffalo,RB,74.13,218,4.5,15,36,119,4.23,6.89,698,3140,4.5,34,0,0,0,0,N
2010,ben tate,Auburn,RB,71,220,4.34,26,40.5,124,4.12,6.91,678,3321,4.9,24,0,0,0,0,Y
2010,manase tonga,Brigham Young,FB,71,245,4.84,19,32,105,4.69,7.44,178,678,3.8,16,0,0,0,0,N
2010,keith toston,Oklahoma State,RB,71.75,213,4.66,22,32,110,4.67,,473,2725,5.8,27,0,0,0,0,N
2011,anthony allen,Georgia Tech,RB,72.75,228,4.56,24,41.5,120,4.06,6.79,304,1934,6.4,13,0,0,0,0,Y
2011,armando allen,Notre Dame,RB,68.25,199,4.52,23,,,,,469,2144,4.6,8,0,0,0,0,N
2011,matt asiata,Utah,RB,71,229,4.77,22,30,104,4.37,7.09,379,1748,4.6,24,0,0,0,0,N
2011,damien berry,Miami (FL),RB,70.25,211,4.58,23,33.5,120,4.12,7,283,1515,5.4,13,0,0,0,0,N
2011,allen bradford,Southern California,RB,70.88,242,4.53,28,29,113,4.39,6.97,267,1585,5.9,16,0,0,0,0,Y
2011,delone carter,Syracuse,RB,68.63,222,4.54,27,37,120,4.07,6.92,646,3104,4.8,24,0,0,0,0,Y
2011,shaun chapas,Georgia,FB,74.13,247,4.87,23,35.5,116,4.4,7.13,40,155,3.9,3,0,0,0,0,Y
2011,charles clay,Tulsa (OK),FB,74.88,245,4.69,18,33.5,118,4.15,7.07,179,911,5.1,10,0,0,0,0,Y
2011,john clay,Wisconsin,RB,72.5,230,4.83,,29,111,,,629,3413,5.4,41,1,0,1,0,N
2011,graig cooper,Miami (FL),RB,70,205,4.6,18,,114,4.03,6.66,465,2383,5.1,13,0,0,0,0,N
2011,noel devine,West Virginia,RB,67.5,179,4.34,24,,,,,728,4315,5.9,29,0,0,0,0,N
2011,shaun draughn,North Carolina,RB,70.88,213,4.73,21,34,118,4.2,7.15,451,2070,4.6,10,0,0,0,0,N
2011,darren evans,Virginia Tech,RB,72,227,4.56,26,35,111,4.46,6.96,438,2119,4.8,22,0,0,0,0,N
2011,mario fannin,Auburn,RB,70.38,231,4.37,21,37.5,115,4.21,6.99,233,1366,5.9,11,0,0,0,0,N
2011,alex green,Hawaii,RB,72.25,225,4.45,20,34,114,4.15,6.91,232,1652,7.1,20,0,0,0,0,Y
2011,jamie harper,Clemson,RB,71.38,233,4.53,24,36.5,120,4.39,7.16,311,1311,4.2,12,0,0,0,0,Y
2011,roy helu,Nebraska,RB,71.5,219,4.4,11,36.5,119,4.01,6.67,578,3404,5.9,28,0,0,0,0,Y
2011,kendall hunter,Oklahoma State,RB,67.25,199,4.46,24,35,122,4.21,6.74,708,4181,5.9,37,1,1,1,0,Y
2011,henry hynoski,Pittsburgh,FB,72.38,257,5.06,24,30.5,111,,,37,143,3.9,1,0,0,0,0,N
2011,mark ingram,Alabama,RB,69.13,215,4.62,21,31.5,113,4.62,7.13,572,3261,5.7,42,1,1,1,1,Y
2011,taiwan jones,Eastern Washington,RB,71.63,194,4.53,13,32,115,4.33,7.25,,,,,0,0,0,0,Y
2011,mikel leshoure,Illinois,RB,71.63,227,4.56,21,38,122,4.4,6.82,424,2557,6,23,0,0,0,0,Y
2011,dion lewis,Pittsburgh,RB,66.63,193,4.56,17,34.5,112,4.18,6.9,544,2860,5.3,30,1,0,1,0,Y
2011,derrick locke,Kentucky,RB,68.25,188,4.37,16,37.5,118,4.15,6.98,518,2618,5.1,22,0,0,0,0,N
2011,owen marecic,Stanford,FB,72.5,248,4.87,22,28.5,102,4.56,7.1,36,67,1.9,9,0,0,0,0,Y
2011,demarco murray,Oklahoma,RB,71.63,213,4.37,21,34.5,130,4.18,7.28,759,3685,4.9,50,0,0,0,0,Y
2011,bilal powell,Louisville,RB,70.5,207,4.52,18,,,,,436,2338,5.4,19,0,0,0,0,Y
2011,stevan ridley,Louisiana State,RB,71.25,225,4.65,18,36,118,4.21,6.78,306,1419,4.6,19,0,0,0,0,Y
2011,jacquizz rodgers,Oregon State,RB,65.88,196,4.59,,33,113,4.26,7.31,788,3877,4.9,46,1,0,1,0,Y
2011,evan royster,Penn State,RB,71.63,212,4.65,20,34,113,4.18,7.07,686,3932,5.7,29,0,0,0,0,Y
2011,brandon saine,Ohio State,RB,71.25,220,4.4,22,34.5,113,4.25,6.98,301,1408,4.7,9,0,0,0,0,N
2011,darel scott,Maryland,RB,71,211,4.4,19,34,117,4.2,7.15,430,2401,5.6,17,0,0,0,0,Y
2011,anthony sherman,Connecticut,FB,70,242,4.74,32,32.5,111,4.41,7.23,17,61,3.6,0,0,0,0,0,Y
2011,vai taua,Nevada,RB,69.5,213,4.65,20,34.5,112,4.18,6.89,711,4588,6.5,45,0,0,0,0,N
2011,daniel thomas,Kansas State,RB,72.25,230,4.63,21,,,,,545,2850,5.2,30,0,0,0,0,Y
2011,jordan todman,Connecticut,RB,68.88,203,4.4,25,38,126,4.18,7.24,616,3179,5.2,31,1,0,1,0,Y
2011,shane vereen,California,RB,70.25,210,4.49,31,34,115,4.28,6.95,556,2834,5.1,29,0,0,0,0,Y
2011,johnny white,North Carolina,RB,69.88,209,4.5,,32.5,117,4.31,7.07,246,1262,5.1,8,0,0,0,0,Y
2011,ryan williams,Virginia Tech,RB,69,212,4.59,19,40,123,4.18,6.96,,,,,0,0,0,0,Y
2012,edwin baker,Michigan State,RB,68,204,4.44,20,35,111,4.31,7.27,462,2293,5,19,0,0,0,0,Y
2012,mike ball,Nevada,RB,68.5,206,4.54,21,36,112,4.23,7.1,196,1183,6,12,0,0,0,0,N
2012,vick ballard,Mississippi State,RB,70.25,219,4.59,23,33,115,4.19,7.03,379,2157,5.7,29,0,0,0,0,Y
2012,brandon bolden,Mississippi,RB,70.88,222,4.55,21,38,119,4.44,6.96,486,2594,5.3,27,0,0,0,0,N
2012,lennon creer,Louisiana Tech,RB,71.38,219,4.67,21,33.5,110,4.4,7.26,519,2621,5.1,24,0,0,0,0,N
2012,drake dunsmore,Northwestern,FB,74.13,241,4.63,21,35.5,117,4.03,6.73,,,,,0,0,0,0,Y
2012,bradie ewing,Wisconsin,FB,71.75,239,4.73,14,36.5,120,4.16,7.14,7,33,4.7,2,0,0,0,0,Y
2012,terrance ganaway,Baylor,RB,71.5,239,4.61,,37.5,119,4.25,7.15,473,2592,5.5,34,0,0,0,0,Y
2012,cyrus gray,Texas A&M,RB,70.38,206,4.4,21,32.5,114,,7.17,632,3298,5.2,30,0,0,0,0,Y
2012,jonas gray,Notre Dame,RB,69.75,223,4.58,20,,,,,189,1100,5.8,12,0,0,0,0,N
2012,jewel hampton,Southern Illinois,RB,68.63,218,4.56,26,,,,,118,577,4.9,8,0,0,0,0,N
2012,dan herron,Ohio State,RB,69.75,213,4.57,22,35,117,4.04,6.97,592,2869,4.8,32,0,0,0,0,Y
2012,ronnie hillman,San Diego State,RB,68.75,200,4.42,17,37,,,,573,3243,5.7,36,0,0,0,0,Y
2012,emil igwenagu,Massachusetts,FB,73.25,249,4.7,19,34.5,121,4.4,7.32,,,,,0,0,0,0,N
2012,lamichael james,Oregon,RB,68,194,4.35,15,35,123,4.12,6.88,771,5082,6.6,53,1,1,1,0,Y
2012,doug martin,Boise State,RB,69.25,223,4.46,28,36,120,4.16,6.79,617,3431,5.6,43,0,0,0,0,Y
2012,davin meggett,Maryland,RB,68.25,211,4.5,23,35,118,4.32,7.14,485,2411,5,18,0,0,0,0,N
2012,lamar miller,Miami (FL),RB,70.75,212,4.34,,33,,,,335,1918,5.7,15,0,0,0,0,Y
2012,alfred morris,Florida Atlantic,RB,69.88,219,4.63,16,35.5,117,4.19,7.01,733,3529,4.8,27,0,0,0,0,Y
2012,isaiah pead,Cincinnati,RB,70.13,197,4.39,,33,116,4.32,6.95,545,3288,6,27,1,0,1,0,Y
2012,bernard pierce,Temple,RB,72.25,218,4.45,17,36.5,123,4.28,7.07,663,3570,5.4,53,0,0,0,0,Y
2012,chris polk,Washington,RB,70.5,215,4.52,,31.5,111,4.21,7.13,799,4049,5.1,26,0,0,0,0,N
2012,tauren poole,Tennessee,RB,70,205,4.48,24,34,118,4.19,7.36,423,1898,4.5,16,0,0,0,0,N
2012,chris rainey,Florida,RB,68.38,180,4.36,16,36.5,120,3.93,6.5,396,2464,6.2,13,0,0,0,0,Y
2012,daryl richardson,Abilene Christian (TX),RB,70,192,4.47,,,,,,,,,,0,0,0,0,Y
2012,trent richardson,Alabama,RB,69.25,228,4.49,,,,,,540,3130,5.8,35,1,1,1,0,Y
2012,evan rodriguez,Temple,FB,74,239,4.53,18,36,119,4.28,6.94,1,1,1,0,0,0,0,0,Y
2012,darrell scott,South Florida,RB,72.13,231,4.68,,31.5,,,,263,1252,4.8,6,0,0,0,0,N
2012,michael smith,Utah State,RB,69,207,4.36,,,,,,184,1313,7.1,15,0,0,0,0,Y
2012,robert turbin,Utah State,RB,70,222,4.42,28,36,122,4.31,7.16,565,3315,5.9,40,1,0,1,0,Y
2012,marc tyler,Southern California,RB,70.63,219,4.7,19,30.5,110,,,334,1751,5.2,15,0,0,0,0,N
2012,foswhitt whittaker,Texas,RB,69,193,4.49,20,,,,,197,847,4.3,6,0,0,0,0,N
2012,david wilson,Virginia Tech,RB,70,206,4.38,,41,132,4.12,7.09,462,2662,5.8,18,1,0,1,0,Y
2013,cj anderson,California,RB,68.13,224,4.6,17,32,119,4.12,7.15,198,1135,5.7,12,0,0,0,0,N
2013,montee ball,Wisconsin,RB,70.5,214,4.66,15,32,118,4.4,6.88,924,5140,5.6,77,1,1,1,0,Y
2013,kenjon barner,Oregon,RB,69.25,196,4.52,20,35.5,122,4.2,6.87,582,3623,6.2,41,1,1,1,0,Y
2013,leveon bell,Michigan State,RB,73.38,230,4.6,24,31.5,118,4.24,6.75,671,3346,5,33,0,0,0,0,Y
2013,giovani bernard,North Carolina,RB,68.38,202,4.53,19,33.5,122,4.12,6.91,423,2481,5.9,25,0,0,0,0,Y
2013,tommy bohanon,Wake Forest,FB,73,246,4.88,36,35,119,4.42,7.27,50,160,3.2,3,0,0,0,0,Y
2013,zach boren,Ohio State,FB,71.5,238,5,15,32,109,4.44,7.28,12,35,2.9,2,0,0,0,0,N
2013,rex burkhead,Nebraska,RB,70.25,214,4.73,21,39,125,4.09,6.85,635,3329,5.2,30,0,0,0,0,Y
2013,knile davis,Arkansas,RB,71.38,227,4.37,31,33.5,121,4.38,6.96,349,1862,5.3,19,0,0,0,0,Y
2013,andre ellington,Clemson,RB,69.25,199,4.61,,34,122,,,621,3436,5.5,33,0,0,0,0,Y
2013,michael ford,Louisiana State,RB,69.5,210,4.5,25,38.5,130,4.25,6.87,243,1392,5.7,13,0,0,0,0,N
2013,johnathan franklin,UCLA,RB,70,205,4.49,18,31.5,115,4.31,6.89,788,4403,5.6,31,0,0,0,0,Y
2013,mike gillislee,Florida,RB,71.13,208,4.55,15,30.5,119,4.4,7.12,389,2072,5.3,20,0,0,0,0,Y
2013,ray graham,Pittsburgh,RB,69.13,199,4.8,18,32.5,112,4.21,7.17,595,3271,5.5,32,0,0,0,0,N
2013,dj harper,Boise State,RB,69.13,211,4.52,23,33.5,120,4.35,7.07,547,2779,5.1,39,0,0,0,0,N
2013,montel harris,Temple,RB,68.25,208,4.68,19,32.5,113,4.18,6.95,973,4789,4.9,39,0,0,0,0,N
2013,mike james,Miami (FL),RB,70.5,223,4.53,28,35,115,4.62,,304,1340,4.4,17,0,0,0,0,Y
2013,jawan jamison,Rutgers,RB,67.38,203,4.68,20,29,110,,,486,1972,4.1,13,0,0,0,0,Y
2013,stefphon jefferson,Nevada,RB,70.5,213,4.68,15,31,117,4.44,6.97,448,2338,5.2,30,0,0,0,0,N
2013,eddie lacy,Alabama,RB,73,220,4.55,,,,,,355,2402,6.8,30,0,0,0,0,Y
2013,marcus lattimore,South Carolina,RB,71,219,4.65,,,,,,555,2677,4.8,38,0,0,0,0,Y
2013,zach line,Southern Methodist (TX),FB,72.5,232,4.77,26,30.5,111,,,778,4185,5.4,47,1,0,1,0,N
2013,miguel maysonet,Stony Brook (NY),RB,69,209,4.54,20,,,4.43,7.21,,,,,0,0,0,0,N
2013,onterio mccalebb,Auburn,RB,70.25,168,4.34,,34,121,,,406,2586,6.4,24,0,0,0,0,N
2013,christine michael,Texas A&M,RB,70,220,4.54,27,43,125,4.02,6.69,529,2791,5.3,34,0,0,0,0,Y
2013,lonnie pryor,Florida State,FB,71.38,227,4.7,17,30,114,4.55,7.28,124,718,5.8,18,0,0,0,0,N
2013,joseph randle,Oklahoma State,RB,72,204,4.63,,35,123,,,564,3085,5.5,40,0,0,0,0,Y
2013,theo riddick,Notre Dame,RB,70.13,201,4.68,,32,118,,,244,1169,4.8,5,0,0,0,0,Y
2013,robbie rouse,Frenso State (CA),RB,65.75,190,4.8,15,34,114,4.25,6.97,898,4647,5.2,37,0,0,0,0,N
2013,zac stacy,Vanderbilt,RB,68.38,216,4.55,27,33,122,4.17,6.7,581,3143,5.4,30,0,0,0,0,Y
2013,stepfan taylor,Stanford,RB,69.13,214,4.76,17,30,110,4.5,7.13,843,4300,5.1,40,0,0,0,0,Y
2013,chris thompson,Florida State,RB,67.13,192,4.42,21,,,,,277,1735,6.3,14,0,0,0,0,Y
2013,matthew tucker,Texas Christian,RB,72.38,221,4.55,17,35.5,118,,,494,2602,5.3,33,0,0,0,0,N
2013,kerwynn williams,Utah State,RB,68.13,196,4.48,17,35,118,4.15,7.15,382,2515,6.6,22,0,0,0,0,Y
2013,braden wilson,Kansas State,FB,76,251,4.81,22,,,,,21,44,2.1,2,0,0,0,0,Y
2013,george winn,Cincinnati,RB,70.5,218,4.75,22,34.5,119,,,321,1710,5.3,15,0,0,0,0,N
2013,cierre wood,Notre Dame,RB,71,213,4.56,16,37.5,124,,,450,2447,5.4,16,0,0,0,0,N
2014,antonio andrews,Western Kentucky,RB,70.13,225,4.82,20,29.5,104,4.49,7.24,618,3674,5.9,29,1,0,1,0,N
2014,george atkinson,Notre Dame,RB,73.38,218,4.48,19,38,128,4.46,7.07,9,27,3,2,0,0,0,0,N
2014,kapri bibbs,Colorado State,RB,69.38,212,4.67,24,29,104,,,281,1741,6.2,31,0,0,0,0,N
2014,alfred blue,Louisiana State,RB,74.38,223,4.63,13,32,121,4.5,7.15,209,1253,6,11,0,0,0,0,Y
2014,kadeem carey,Arizona,RB,69.38,207,4.7,19,32.5,114,4.38,7.08,743,4239,5.7,48,1,1,1,0,Y
2014,jc copeland,Louisiana State,FB,71.13,271,4.95,23,28.5,111,4.58,7.68,36,92,2.6,7,0,0,0,0,N
2014,tim cornett,Nevada Las Vegas,RB,72.25,209,4.48,,34.5,124,4.26,7.01,769,3733,4.9,35,0,0,0,0,N
2014,isaiah crowell,Alabama State,RB,71,224,4.57,23,38,116,,,185,850,4.6,5,0,0,0,0,N
2014,tim flanders,Sam Houston State (TX),RB,68.63,207,4.75,20,32,112,,7.07,,,,,0,0,0,0,N
2014,david fluellen,Toledo,RB,71.13,224,4.72,,36.5,120,,6.9,561,3336,5.9,28,0,0,0,0,N
2014,devonta freeman,Florida State,RB,68.25,206,4.58,,31.5,116,4.26,7.11,404,2255,5.6,30,0,0,0,0,Y
2014,tyler gaffney,Stanford,RB,71.5,220,4.49,,36.5,115,4.18,6.78,486,2500,5.1,33,0,0,0,0,Y
2014,ryan hewitt,Stanford,FB,76.13,246,4.87,,33,116,4.35,7.04,28,75,2.7,1,0,0,0,0,N
2014,jeremy hill,Louisiana State,RB,72.63,233,4.56,20,29,112,,,345,2156,6.2,28,0,0,0,0,Y
2014,carlos hyde,Ohio State,RB,71.88,230,4.62,19,34.5,113,,,523,3198,6.1,37,0,0,0,0,Y
2014,storm johnson,Central Florida,RB,71.63,209,4.6,16,35.5,116,,,113,507,4.5,4,0,0,0,0,Y
2014,reggie jordan,Missouri Western,FB,74.88,240,4.77,24,30,115,4.3,7.22,,,,,0,0,0,0,N
2014,henry josey,Missouri,RB,68.13,194,4.43,20,34.5,116,4.13,7.07,395,2771,7,30,0,0,0,0,N
2014,tre mason,Auburn,RB,68.5,207,4.5,,38.5,125,4.15,,516,2979,5.8,32,1,0,1,0,Y
2014,jerick mckinnon,Georgia Southern,RB,68.88,209,4.41,32,40.5,132,4.12,6.83,,,,,0,0,0,0,Y
2014,ladarius perkins,Mississippi State,RB,67.38,195,4.46,23,35.5,123,4.3,7.08,530,2554,4.8,15,0,0,0,0,N
2014,silas redd,Southern California,RB,69.75,212,4.7,18,37,122,,,569,2959,5.2,19,0,0,0,0,N
2014,bishop sankey,Washington,RB,69.5,209,4.49,26,35.5,125,4,6.75,644,3496,5.4,37,0,0,0,0,Y
2014,lache seastrunk,Baylor,RB,69.5,201,4.51,15,41.5,134,,,289,2189,7.6,18,0,0,0,0,Y
2014,charles sims,West Virginia,RB,72,214,4.48,17,37.5,125,4.3,7.16,592,3465,5.9,40,0,0,0,0,Y
2014,jerome smith,Syracuse,RB,71.13,220,4.84,14,36,116,4.6,7.53,464,2219,4.8,16,0,0,0,0,N
2014,lorenzo taliaferro,Coastal Carolina (SC),RB,72.25,229,4.58,18,33,116,4.22,6.88,,,,,0,0,0,0,Y
2014,deanthony thomas,Oregon,RB,68.63,174,4.5,8,32,123,,,243,1890,7.8,26,0,0,0,0,Y
2014,terrance west,Towson (MD),RB,69.25,225,4.56,16,33.5,120,,,,,,,0,0,0,0,Y
2014,james white,Wisconsin,RB,69.13,204,4.57,23,32,113,4.2,7.05,643,4015,6.2,45,0,0,0,0,Y
2014,james wilder,Florida State,RB,74.63,232,4.86,18,35,121,4.24,6.92,226,1363,6,20,0,0,0,0,N
2014,andre williams,Boston College,RB,71.38,230,4.56,,38,128,4.06,7.27,704,3739,5.3,28,1,1,1,0,Y
2014,damien williams,Oklahoma,RB,71,222,4.45,16,35.5,121,4.25,7.37,290,1499,5.2,18,0,0,0,0,N
2015,ameer abdullah,Nebraska,RB,68.75,205,4.6,24,42.5,130,3.95,6.79,813,4588,5.6,39,0,0,0,0,Y
2015,jay ajayi,Boise State,RB,71.75,221,4.57,19,39,121,4.1,7.1,678,3796,5.6,50,0,0,0,0,Y
2015,javorius allen,Southern California,RB,72.5,221,4.53,11,35.5,121,4.28,6.96,417,2306,5.5,25,0,0,0,0,Y
2015,dominique brown,Louisville,RB,73.88,234,4.62,17,,,,,419,1795,4.3,16,0,0,0,0,N
2015,malcolm brown,Texas,RB,71.38,224,4.62,19,34.5,117,4.15,6.86,630,2678,4.3,24,0,0,0,0,N
2015,david cobb,Minnesota,RB,70.88,229,4.59,17,38.5,121,,,563,2896,5.1,20,0,0,0,0,Y
2015,tevin coleman,Indiana,RB,71.38,206,4.59,22,,,,,452,3219,7.1,28,1,1,1,0,Y
2015,john crockett,North Dakota State,RB,71.75,217,4.62,15,40,125,4.25,7.15,,,,,0,0,0,0,N
2015,mike davis,South Carolina,RB,69.13,217,4.61,17,34,116,4.18,7,523,2231,4.3,19,0,0,0,0,Y
2015,michael dyer,Louisville,RB,68.5,218,4.58,26,34,120,,,578,3039,5.3,22,0,0,0,0,N
2015,jahwan edwards,Ball State (IN),RB,69.5,220,4.8,16,35.5,117,4.5,7.63,884,4558,5.2,51,0,0,0,0,N
2015,jalston fowler,Alabama,FB,71,254,4.94,23,33.5,114,4.4,7.56,113,738,6.5,5,0,0,0,0,Y
2015,melvin gordon,Wisconsin,RB,72.63,215,4.52,19,35,126,4.07,7.04,631,4915,7.8,45,1,1,1,0,Y
2015,todd gurley,Georgia,RB,72.63,222,4.52,17,,,,,510,3285,6.4,36,0,0,0,0,Y
2015,dee hart,Colorado State,RB,67.5,199,4.8,,33,113,4.38,7.2,237,1441,6.1,17,0,0,0,0,N
2015,braylon heard,Kentucky,RB,69.63,198,4.63,19,30.5,116,4.4,7.19,149,828,5.6,8,0,0,0,0,N
2015,kenny hilliard,Louisiana State,RB,71.63,226,4.83,,27,111,4.4,7.17,302,1557,5.2,27,0,0,0,0,Y
2015,joey iosefa,Hawaii,FB,71.75,247,5.02,30,31.5,110,4.33,7.24,512,2218,4.3,21,0,0,0,0,Y
2015,david johnson,Northern Iowa,RB,72.63,224,4.5,25,41.5,127,4.27,6.82,,,,,0,0,0,0,Y
2015,duke johnson,Miami (FL),RB,69.13,207,4.54,,33.5,121,,,526,3519,6.7,26,0,0,0,0,N
2015,gus johnson,Stephen F. Austin (TX),RB,69.63,215,4.7,26,36.5,120,4.13,7.09,,,,,0,0,0,0,N
2015,matt jones,Florida,RB,74.38,231,4.61,20,31.5,112,4.2,,297,1431,4.8,11,0,0,0,0,Y
2015,jeremy langford,Michigan State,RB,71.63,208,4.42,,34.5,118,4.32,7.22,577,2967,5.1,40,0,0,0,0,Y
2015,terrence magee,Louisiana State,RB,68.5,213,4.57,22,37,115,4.37,7.52,226,1330,5.9,12,0,0,0,0,N
2015,marcus murphy,Missouri,RB,68,193,4.61,11,29,109,4.4,,337,1957,5.8,16,0,0,0,0,Y
2015,thomas rawls,Central Michigan,RB,69,215,4.65,15,35.5,116,,,283,1436,5.1,15,0,0,0,0,N
2015,josh robinson,Mississippi State,RB,67.88,217,4.7,21,32,113,,,323,1997,6.2,15,0,0,0,0,Y
2015,tyler varga,Yale,FB,70.63,222,4.64,23,,,,,,,,,0,0,0,0,N
2015,karlos williams,Florida State,RB,72.75,230,4.48,16,33.5,117,4.46,7.16,241,1419,5.9,22,0,0,0,0,Y
2015,trey williams,Texas A&M,RB,67.5,195,4.49,18,33.5,119,4.12,6.84,204,1343,6.6,18,0,0,0,0,N
2015,zach zenner,South Dakota State,FB,71,223,4.6,25,41,121,4.14,7.08,,,,,0,0,0,0,N
2016,peyton barber,Auburn,RB,70,228,4.64,20,32.5,111,4.21,7,248,1071,4.3,13,0,0,0,0,N
2016,devontae booker,Utah,RB,70.75,219,,22,,,,,560,2773,5,21,0,0,0,0,Y
2016,tra carson,Texas A&M,RB,71.25,227,,19,,,,,473,2329,4.9,20,0,0,0,0,N
2016,alex collins,Arkansas,RB,70,217,4.59,18,28.5,113,,,665,3703,5.6,36,0,0,0,0,Y
2016,marshaun coprich,Illinois State,RB,68,207,4.47,17,34,112,4.58,7.26,,,,,0,0,0,0,N
2016,kenneth dixon,Louisiana Tech,RB,70.13,215,4.56,18,37.5,121,4.28,6.97,802,4483,5.6,72,0,0,0,0,Y
2016,kenyan drake,Alabama,RB,72.63,210,4.45,10,34.5,123,4.21,7.04,233,1495,6.4,18,0,0,0,0,Y
2016,ezekiel elliott,Ohio State,RB,71.75,225,4.47,,32.5,118,,,592,3961,6.7,43,1,0,1,0,Y
2016,tyler ervin,San Jose State,RB,69.88,192,4.41,17,39,130,,,528,2803,5.3,19,0,0,0,0,Y
2016,josh ferguson,Illinois,RB,69.5,198,4.48,21,34.5,120,,,505,2586,5.1,18,0,0,0,0,N
2016,glenn gronkowski,Kansas State,RB,74.13,239,4.71,17,33,120,4.45,7.1,16,51,3.2,1,0,0,0,0,N
2016,derrick henry,Alabama,RB,74.63,247,4.54,22,37,130,4.38,7.2,602,3591,6,42,1,1,1,1,Y
2016,jordan howard,Indiana,RB,71.88,230,,16,34,122,,,,,,,0,0,0,0,Y
2016,andy janovich,Nebraska,RB,73,238,4.81,30,34,119,4.32,7.28,45,271,6,3,0,0,0,0,Y
2016,daniel lasco,California,RB,72.25,209,4.46,23,41.5,135,4.26,7.22,348,1872,5.4,18,0,0,0,0,Y
2016,tre madden,Southern California,RB,72.25,223,,24,,,,,223,1155,5.2,8,0,0,0,0,N
2016,keith marshall,Georgia,RB,71.38,219,4.31,25,30.5,,,,253,1379,5.5,12,0,0,0,0,Y
2016,paul perkins,UCLA,RB,70.38,208,4.54,19,32,124,,,621,3488,5.6,29,0,0,0,0,Y
2016,cj prosise,Notre Dame,RB,72.5,220,4.48,,35.5,121,,,167,1155,6.9,12,0,0,0,0,Y
2016,wendell smallwood,West Virginia,RB,70.5,208,4.47,14,33.5,120,4.28,6.83,425,2462,5.8,12,0,0,0,0,Y
2016,kelvin taylor,Florida,RB,70.25,207,4.6,15,32,113,,,486,2108,4.3,23,0,0,0,0,Y
2016,shadrach thornton,North Carolina State,RB,71.63,217,4.75,12,31,116,4.21,6.85,513,2572,5,19,0,0,0,0,N
2016,soma vainuku,Southern California,RB,71.5,246,4.68,26,32,108,,,24,148,6.2,3,0,0,0,0,N
2016,dan vitale,Northwestern,RB,72,239,4.6,30,38.5,123,4.12,7.12,6,29,4.8,0,0,0,0,0,Y
2016,deandre washington,Texas Tech,RB,68.25,204,4.49,24,34.5,116,4.2,7.03,605,3411,5.6,23,0,0,0,0,Y
2016,brandon wilds,South Carolina,RB,72.75,220,4.54,21,36.5,118,4.33,7.08,379,1844,4.9,13,0,0,0,0,N
2016,jonathan williams,Arkansas,RB,70,220,,16,,,,,406,2321,5.7,16,0,0,0,0,Y
2017,christopher carson,Oklahoma State,RB,72.25,218,4.58,23,37,130,,,,,,,0,0,0,0,N
2017,corey clement,Wisconsin,RB,70.25,220,4.68,19,28.5,115,4.53,,576,3092,5.4,36,0,0,0,0,N
2017,tarik cohen,North Carolina A&T,RB,66.38,179,4.42,11,31.5,118,,,,,,,0,0,0,0,Y
2017,james conner,Pittsburgh,RB,73.25,233,4.65,20,29,113,,,668,3733,5.6,52,1,0,1,0,Y
2017,dalvin cook,Florida State,RB,71.13,210,4.49,22,30.5,116,4.53,7.27,687,4464,6.5,46,1,1,1,0,Y
2017,justin davis,Southern California,RB,72.63,208,,21,,,4.32,,461,2465,5.3,19,0,0,0,0,N
2017,matt dayes,North Carolina State,RB,68.63,205,,18,28,109,,,550,2856,5.2,34,0,0,0,0,N
2017,tarean folston,Notre Dame,RB,69,214,,,,,4.2,,343,1712,5,11,0,0,0,0,N
2017,donta foreman,Texas,RB,72.25,233,,18,,,4.28,,431,2774,6.4,20,1,1,1,0,Y
2017,leonard fournette,Louisiana State,RB,72.13,240,4.51,,28.5,,,,616,3830,6.2,40,1,1,1,0,Y
2017,wayne gallman,Clemson,RB,72.25,215,4.6,21,29.5,120,4.28,7.17,675,3416,5.1,34,0,0,0,0,Y
2017,deangelo henderson,Coastal Carolina (SC),RB,67.5,208,4.48,20,34,120,,,,,,,0,0,0,0,Y
2017,brian hill,Wyoming,RB,72.63,219,4.54,15,34,125,4.32,7.03,775,4287,5.5,35,0,0,0,0,Y
2017,elijah hood,North Carolina,RB,71.75,232,,18,,,4.34,,430,2580,6,29,0,0,0,0,Y
2017,kareem hunt,Toledo,RB,70.5,216,4.62,18,36.5,119,,,782,4945,6.3,44,0,0,0,0,Y
2017,aaron jones,Texas-El Paso,RB,69.13,208,4.56,16,37.5,127,4.2,6.82,658,4114,6.3,33,0,0,0,0,Y
2017,alvin kamara,Tennessee,RB,69.75,214,4.56,15,39.5,131,4.56,,210,1294,6.2,16,0,0,0,0,Y
2017,tj logan,North Carolina,RB,69.13,196,4.37,17,33.5,121,4.43,,398,2165,5.4,19,0,0,0,0,Y
2017,marlon mack,South Florida,RB,70.75,213,4.5,15,35.5,125,4.22,,586,3609,6.2,32,0,0,0,0,Y
2017,christian mccaffrey,Stanford,RB,71.25,202,4.48,10,37.5,121,4.22,6.57,632,3922,6.2,21,1,1,1,0,Y
2017,elijah mcguire,Louisiana-Lafayette,RB,69.75,214,4.53,15,36,120,4.56,7.26,710,4301,6.1,42,1,0,1,0,Y
2017,jeremy mcnichols,Boise State,RB,68.63,214,4.49,,35.5,121,4.28,6.93,571,3205,5.6,44,0,0,0,0,Y
2017,dare ogunbowale,Wisconsin,RB,70.75,213,4.65,14,35,120,4.34,6.99,319,1518,4.8,13,0,0,0,0,N
2017,samaje perine,Oklahoma,RB,70.63,233,4.65,30,33,116,4.37,7.26,685,4122,6,49,0,0,0,0,Y
2017,donnel pumphrey,San Diego State,RB,68.25,176,4.48,5,33.5,117,4.46,,1059,6405,6,62,1,0,1,0,Y
2017,devine redding,Indiana,RB,68.25,205,4.76,16,30.5,116,4.46,7.18,508,2252,4.4,17,0,0,0,0,N
2017,sam rogers,Virginia Tech,FB,70.25,231,4.93,19,32,114,4.34,7.27,165,692,4.2,4,0,0,0,0,Y
2017,rushel shell,West Virginia,RB,69.63,227,4.74,21,32.5,,4.08,,450,2010,4.5,20,0,0,0,0,N
2017,deveon smith,Michigan,RB,70.88,223,,22,29,108,4.56,7.3,495,2235,4.5,22,0,0,0,0,N
2017,freddie stevenson,Florida State,FB,72,234,4.75,24,28,111,4.36,7.65,25,132,5.3,5,0,0,0,0,N
2017,jahad thomas,Temple,RB,69.63,190,4.62,11,32,116,,,563,2599,4.6,30,0,0,0,0,N
2018,josh adams,Notre Dame,RB,74,213,,18,,,,,480,3201,6.7,20,0,0,0,0,N
2018,kalen ballage,Arizona State,RB,73,228,4.46,15,33.5,122,4.35,6.91,450,1984,4.4,27,0,0,0,0,Y
2018,saquon barkley,Penn State,RB,72,233,4.4,29,41,,4.24,,671,3843,5.7,43,1,1,1,0,Y
2018,nick chubb,Georgia,RB,71,227,4.52,29,38.5,128,4.25,7.09,758,4769,6.3,44,0,0,0,0,Y
2018,lavon coleman,Washington,RB,71,215,4.65,23,33,120,,,374,2000,5.3,12,0,0,0,0,N
2018,justin crawford,West Virginia,RB,71,199,4.64,11,33.5,122,,,354,2244,6.3,11,0,0,0,0,N
2018,chase edmonds,Fordham (NY),RB,69,205,4.55,19,34,122,4.07,6.79,,,,,0,0,0,0,Y
2018,donnie ernsberger,Western Michigan,FB,75,241,4.78,15,31,114,4.34,7.09,1,2,2,0,0,0,0,0,N
2018,dimitri flowers,Oklahoma,FB,74,248,4.83,17,30.5,109,4.53,7.45,36,151,4.2,4,0,0,0,0,N
2018,jarvion franklin,Western Michigan,RB,71,239,4.63,18,30,109,4.31,6.93,942,4867,5.2,52,1,0,1,0,N
2018,royce freeman,Oregon,RB,71,229,4.54,17,34,118,4.16,6.9,947,5621,5.9,60,0,0,0,0,Y
2018,derrius guice,Louisiana State,RB,70,224,4.49,15,31.5,,,,471,3074,6.5,29,0,0,0,0,Y
2018,kyle hicks,Texas Christian,RB,70,204,4.63,13,36.5,122,,,444,2101,4.7,19,0,0,0,0,N
2018,nyheim hines,North Carolina State,RB,68,198,4.38,,35.5,119,4.35,7.18,258,1400,5.4,13,0,0,0,0,Y
2018,justin jackson,Northwestern,RB,72,199,4.52,13,38.5,122,4.07,6.81,1142,5440,4.8,41,0,0,0,0,Y
2018,kerryon johnson,Auburn,RB,71,213,,11,40,126,4.29,7.07,519,2494,4.8,32,1,0,1,0,Y
2018,ronald jones,Southern California,RB,71,205,4.65,,36.5,,,,591,3619,6.1,39,0,0,0,0,Y
2018,john kelly,Tennessee,RB,70,216,,15,35,120,4.51,7.13,,,,,0,0,0,0,Y
2018,sony michel,Georgia,RB,71,214,4.54,22,,,4.21,,590,3613,6.1,33,0,0,0,0,Y
2018,ryan nall,Oregon State,RB,74,232,4.58,15,33,122,4.16,6.95,385,2216,5.8,24,0,0,0,0,N
2018,rashaad penny,San Diego State,RB,71,220,4.46,13,32.5,120,,,488,3656,7.5,38,1,1,1,0,Y
2018,kamryn pettway,Auburn,RB,72,233,4.74,22,33.5,116,,,285,1529,5.4,13,0,0,0,0,N
2018,demario richard,Arizona State,FB,69,218,4.7,12,29.5,115,,,647,3202,4.9,26,0,0,0,0,N
2018,bo scarbrough,Alabama,RB,73,228,4.52,14,40,129,4.34,,267,1512,5.7,20,0,0,0,0,Y
2018,roc thomas,Jacksonville State (AL),RB,70,198,4.56,16,35.5,125,,,86,475,5.5,3,0,0,0,0,N
2018,akrum wadley,Iowa,RB,70,194,4.54,12,32,,,,536,2872,5.4,28,0,0,0,0,N
2018,mark walton,Miami (FL),RB,70,202,4.6,18,31.5,118,,,395,2006,5.1,26,0,0,0,0,Y
2018,chris warren,Texas,RB,74,247,4.69,25,33,121,4.18,6.98,204,1150,5.6,13,0,0,0,0,N
2018,jordan wilkins,Mississippi,RB,73,216,,16,36,117,4.27,,279,1751,6.3,14,0,0,0,0,Y
